0.6268969178199768,0.764119029045105,0.6586208343505859,0.7820174098014832,0.6677889823913574,0.8168664574623108,0.6589741706848145,0.8467293977737427,0.6438001394271851,0.8801320195198059,0.5890775322914124,0.8364185094833374,0.5595959424972534,0.8677043318748474,0.5337258577346802,0.8763706088066101,0.5062188506126404,0.8778471350669861,0.5551154613494873,0.8179354071617126,0.5063371658325195,0.8382808566093445,0.4717884063720703,0.8447086811065674,0.43871963024139404,0.8476812839508057,0.53577721118927,0.7976508140563965,0.49040234088897705,0.8123593330383301,0.4566957950592041,0.8210861682891846,0.42671912908554077,0.8255345225334167,0.5276705622673035,0.7752501964569092,0.4866483509540558,0.7804279327392578,0.45711833238601685,0.7793781161308289,0.4313473701477051,0.777160108089447
0.6313355565071106,0.7766212224960327,0.6599332094192505,0.7882277965545654,0.6714693903923035,0.8213688135147095,0.667238175868988,0.8514639735221863,0.6540541648864746,0.8838431239128113,0.5959779620170593,0.8392613530158997,0.5719154477119446,0.8668871521949768,0.5496464371681213,0.872726559638977,0.5241747498512268,0.8734102845191956,0.5610647797584534,0.8222092986106873,0.5118534564971924,0.8373183012008667,0.47628116607666016,0.8408066630363464,0.4432511031627655,0.8437767028808594,0.5416261553764343,0.8063370585441589,0.4984420835971832,0.8156224489212036,0.46409761905670166,0.8224124908447266,0.4337189793586731,0.8272526860237122,0.5338050723075867,0.7931603789329529,0.4977876543998718,0.7993936538696289,0.47157391905784607,0.8005562424659729,0.44853365421295166,0.8004485368728638
0.6324046850204468,0.7733649611473083,0.6635520458221436,0.7890432476997375,0.6736392974853516,0.8240980505943298,0.666100263595581,0.8535623550415039,0.6534698605537415,0.8841708302497864,0.5963146686553955,0.8410329222679138,0.5716735124588013,0.8685334920883179,0.54991614818573,0.8772792816162109,0.5259676575660706,0.8809287548065186,0.5617622137069702,0.8238993883132935,0.5143445730209351,0.842659592628479,0.48004472255706787,0.8474825024604797,0.4479440450668335,0.8497545719146729,0.5415451526641846,0.8055065870285034,0.49818527698516846,0.8171337842941284,0.4656139016151428,0.8235706686973572,0.43628594279289246,0.8272852897644043,0.5335918068885803,0.786319375038147,0.4946720600128174,0.7893800735473633,0.46655261516571045,0.7872987985610962,0.44115790724754333,0.7841517925262451
0.4972277879714966,0.679112434387207,0.524107038974762,0.6244516968727112,0.5544392466545105,0.5692497491836548,0.577385425567627,0.5245273113250732,0.5993884801864624,0.4882459044456482,0.5595576167106628,0.6193028688430786,0.6061123609542847,0.6327479481697083,0.6365957856178284,0.6450902819633484,0.6616429686546326,0.6585003137588501,0.5546975135803223,0.6672451496124268,0.6110647320747375,0.6819292306900024,0.6478126049041748,0.6936230659484863,0.6758856773376465,0.7040846943855286,0.5496598482131958,0.7077048420906067,0.6023760437965393,0.723576009273529,0.6369242668151855,0.7347656488418579,0.663985550403595,0.7424875497817993,0.5451475977897644,0.741095244884491,0.5853005051612854,0.7578454613685608,0.6129680275917053,0.7680776119232178,0.6375397443771362,0.7763632535934448
0.633233904838562,0.7720686793327332,0.6630170345306396,0.785609245300293,0.6745860576629639,0.8213281035423279,0.6698511242866516,0.854150652885437,0.6565687656402588,0.8861399292945862,0.5974844694137573,0.8390729427337646,0.5725400447845459,0.8681061267852783,0.5504058003425598,0.8762300610542297,0.5257233381271362,0.8791290521621704,0.5626698136329651,0.8230175375938416,0.5152642726898193,0.8415905833244324,0.4803274869918823,0.8458623886108398,0.4481501281261444,0.847790002822876,0.5423097014427185,0.8066716194152832,0.5005154609680176,0.8200604319572449,0.4678388237953186,0.8266037106513977,0.4382670521736145,0.8304647207260132,0.533647358417511,0.7909596562385559,0.49683791399002075,0.7953538298606873,0.46926575899124146,0.7940069437026978,0.44424498081207275,0.7914859652519226
0.6410148739814758,0.7796500325202942,0.6652033925056458,0.7877027988433838,0.6746401786804199,0.8196284174919128,0.6708171367645264,0.8509515523910522,0.6575416326522827,0.8797032237052917,0.5938618779182434,0.8287842273712158,0.564358115196228,0.8458065986633301,0.5399892330169678,0.8484572768211365,0.5125520825386047,0.8479399681091309,0.562528669834137,0.8187987804412842,0.5149462223052979,0.8321065306663513,0.4803687632083893,0.8360357880592346,0.4488264322280884,0.838258683681488,0.5463640689849854,0.8105306029319763,0.50593501329422,0.8223462104797363,0.47388243675231934,0.8279587626457214,0.44463911652565,0.8315836191177368,0.5422334671020508,0.8052737712860107,0.5093711614608765,0.8121825456619263,0.48598045110702515,0.8123283982276917,0.46520885825157166,0.8117710947990417
0.4982101023197174,0.67945396900177,0.5277331471443176,0.6255132555961609,0.5593013763427734,0.5710402727127075,0.582218587398529,0.5259137749671936,0.6038711071014404,0.4890146851539612,0.5611289143562317,0.6192604303359985,0.6096897125244141,0.634635865688324,0.6401894092559814,0.6486590504646301,0.6642861366271973,0.6636623740196228,0.5553821921348572,0.6671018600463867,0.6133422255516052,0.683637797832489,0.6494272351264954,0.6966807246208191,0.6762726306915283,0.7082511186599731,0.5502527356147766,0.7079437971115112,0.6051338315010071,0.7250005006790161,0.6388282775878906,0.7366674542427063,0.6644958257675171,0.7446566224098206,0.5465513467788696,0.7415532469749451,0.5881731510162354,0.7580957412719727,0.6156499981880188,0.7681406140327454,0.6396899223327637,0.7760107517242432
0.6363911032676697,0.7698050737380981,0.6669952273368835,0.7845820188522339,0.6783169507980347,0.8198502659797668,0.6726970672607422,0.8516932725906372,0.6609482765197754,0.8797004222869873,0.6049354672431946,0.8368257284164429,0.5798008441925049,0.8656933307647705,0.5571668148040771,0.8740112781524658,0.532806932926178,0.875889003276825,0.5706487894058228,0.8194409608840942,0.5223860144615173,0.8383069038391113,0.48633623123168945,0.8426240086555481,0.4530103802680969,0.8447495698928833,0.5505759716033936,0.8027437329292297,0.5088446140289307,0.8177125453948975,0.4751063883304596,0.8247197866439819,0.4449833631515503,0.8290539383888245,0.5427402257919312,0.7881643176078796,0.5074819326400757,0.795471727848053,0.48082661628723145,0.7970655560493469,0.4565710425376892,0.796269416809082
0.6380851864814758,0.7720681428909302,0.6699206829071045,0.7846633791923523,0.6824761033058167,0.8182086944580078,0.6752849221229553,0.8488616347312927,0.6617714762687683,0.8767832517623901,0.6053390502929688,0.8308677077293396,0.5800398588180542,0.8611680269241333,0.5567907094955444,0.8678668141365051,0.5307106971740723,0.8682824969291687,0.5696482062339783,0.8152925372123718,0.5212910771369934,0.8323891162872314,0.4855184555053711,0.8370614647865295,0.4531356692314148,0.8389426469802856,0.5494284629821777,0.801166296005249,0.5073264837265015,0.8110915422439575,0.4733319580554962,0.8176076412200928,0.44355231523513794,0.820502519607544,0.5420137643814087,0.789439857006073,0.5060202479362488,0.7913934588432312,0.4787589907646179,0.7897019982337952,0.4543622136116028,0.786983847618103
0.6384063959121704,0.7667316794395447,0.6699582934379578,0.7822209596633911,0.6810905337333679,0.8179332613945007,0.6729117035865784,0.8487163186073303,0.6562992930412292,0.8782365322113037,0.6049692034721375,0.8310122489929199,0.5781416893005371,0.8611605763435364,0.5547341108322144,0.870670735836029,0.5293139219284058,0.8741687536239624,0.5697058439254761,0.8146358132362366,0.5216726064682007,0.8361541032791138,0.48670992255210876,0.8419075012207031,0.4536930322647095,0.8446066379547119,0.548791229724884,0.7983477711677551,0.5056166648864746,0.8108339905738831,0.47119569778442383,0.8174058198928833,0.4406433403491974,0.8204696774482727,0.5398001074790955,0.7821885943412781,0.5011954307556152,0.7856733798980713,0.4723392724990845,0.7842522263526917,0.4464433789253235,0.7813444137573242
0.6355060935020447,0.7703866958618164,0.6656829118728638,0.7848042845726013,0.6771063208580017,0.8190245628356934,0.671075165271759,0.8483795523643494,0.6570591926574707,0.877377450466156,0.6009297370910645,0.8349781632423401,0.5743961334228516,0.8636510968208313,0.5505346655845642,0.8716798424720764,0.5250762701034546,0.8727208375930786,0.5662882924079895,0.8175559639930725,0.5181387066841125,0.8371998071670532,0.4834985136985779,0.8424090147018433,0.4509974718093872,0.8444406986236572,0.545882523059845,0.7999325394630432,0.5020456910133362,0.8115821480751038,0.467824786901474,0.8182671666145325,0.43775057792663574,0.8217900395393372,0.5371087789535522,0.7813690900802612,0.49782487750053406,0.7841835021972656,0.46844953298568726,0.7820865511894226,0.44255751371383667,0.7790249586105347
0.6277684569358826,0.7693078517913818,0.6577077507972717,0.783880889415741,0.6674846410751343,0.8178638219833374,0.6592907905578613,0.8465455174446106,0.6403437852859497,0.8774601221084595,0.5913137793540955,0.8349189162254333,0.5631731152534485,0.8676556944847107,0.5368674397468567,0.8750231862068176,0.5093952417373657,0.8731191158294678,0.5582973957061768,0.8165702223777771,0.505622148513794,0.8359044194221497,0.4682506024837494,0.8392218351364136,0.43302708864212036,0.8399859070777893,0.5391058325767517,0.8000761866569519,0.49287885427474976,0.8118736743927002,0.4574030339717865,0.8170789480209351,0.42567217350006104,0.8197969794273376,0.5317951440811157,0.7848760485649109,0.4932044446468353,0.7887205481529236,0.4652594327926636,0.7853801846504211,0.44030648469924927,0.7804659605026245
0.6311056017875671,0.7747567892074585,0.6584455966949463,0.7869331240653992,0.6662262082099915,0.8192391395568848,0.6569828987121582,0.846356213092804,0.6382713317871094,0.8763449788093567,0.585665762424469,0.8356946110725403,0.5576892495155334,0.8654981851577759,0.5326464176177979,0.8727021217346191,0.5059525966644287,0.8721092343330383,0.5526422262191772,0.817290186882019,0.5009973645210266,0.8338748216629028,0.46386057138442993,0.8367835283279419,0.4288601875305176,0.8375155329704285,0.5345836281776428,0.8001509308815002,0.48876407742500305,0.8115233778953552,0.4540475606918335,0.8157405257225037,0.42210811376571655,0.8171041011810303,0.5293394923210144,0.7842733860015869,0.4927572011947632,0.7883912324905396,0.46626588702201843,0.7853067517280579,0.441999226808548,0.7805209159851074
0.4959834814071655,0.675350546836853,0.524962842464447,0.6227914690971375,0.554857611656189,0.5673465132713318,0.5763828158378601,0.5218837857246399,0.5951851010322571,0.4840770363807678,0.5568667650222778,0.6146766543388367,0.5994544625282288,0.6237595677375793,0.6257889270782471,0.6340664625167847,0.6471791863441467,0.6450878381729126,0.5519719123840332,0.6617226004600525,0.6018521189689636,0.6731353998184204,0.6329034566879272,0.6828928589820862,0.6571772694587708,0.6906519532203674,0.5475398898124695,0.7023626565933228,0.5954330563545227,0.7135806679725647,0.6249442100524902,0.7231677174568176,0.6479306221008301,0.7291036248207092,0.5442618727684021,0.7358781695365906,0.5814775824546814,0.7491942644119263,0.6059026718139648,0.7584251165390015,0.628278374671936,0.7658213376998901
0.6191557049751282,0.7722528576850891,0.6497843861579895,0.788564920425415,0.6565337181091309,0.8222941756248474,0.6454142928123474,0.8478795289993286,0.6215304732322693,0.8709419369697571,0.5750667452812195,0.8361884951591492,0.5428001284599304,0.8646813631057739,0.5141483545303345,0.868881344795227,0.4860790967941284,0.8655257821083069,0.5437483191490173,0.8170432448387146,0.49279120564460754,0.8376172184944153,0.45709386467933655,0.841007649898529,0.42263978719711304,0.8429431915283203,0.5257052183151245,0.7980748414993286,0.47887706756591797,0.8116668462753296,0.4438993036746979,0.8171335458755493,0.41229379177093506,0.8205568194389343,0.5193834900856018,0.7782900333404541,0.47924286127090454,0.7821114659309387,0.45127958059310913,0.7792215943336487,0.42676427960395813,0.7757241129875183
0.4977896809577942,0.6746565699577332,0.5204972624778748,0.6212971806526184,0.5447655320167542,0.5658025741577148,0.562441349029541,0.5204344391822815,0.579542875289917,0.4832420349121094,0.5456717610359192,0.6145680546760559,0.5878790020942688,0.6225311160087585,0.6118668913841248,0.6314060688018799,0.6299161314964294,0.6414663791656494,0.5407276153564453,0.6616719961166382,0.5886328816413879,0.6714876294136047,0.6172124147415161,0.6804838180541992,0.6375073194503784,0.6869944930076599,0.5363013744354248,0.7021713852882385,0.5823688507080078,0.7126191854476929,0.6085881590843201,0.7216215133666992,0.6273685693740845,0.7253450751304626,0.5330469012260437,0.7359369397163391,0.5679363012313843,0.7477962374687195,0.5896519422531128,0.7554492354393005,0.6081185936927795,0.7598466277122498
0.6239354610443115,0.7766183614730835,0.6521005034446716,0.7936973571777344,0.6562270522117615,0.8255356550216675,0.6426585912704468,0.8483940958976746,0.6204261779785156,0.8729101419448853,0.5732646584510803,0.8362244963645935,0.5406436920166016,0.8651305437088013,0.5118956565856934,0.869077742099762,0.483234703540802,0.8648033738136292,0.5419424176216125,0.8159714937210083,0.48976147174835205,0.8354602456092834,0.45227569341659546,0.8399767279624939,0.4167938828468323,0.841823160648346,0.5245941877365112,0.796653687953949,0.4765996038913727,0.8100687861442566,0.44151461124420166,0.815688967704773,0.40924128890037537,0.8182185292243958,0.5189617872238159,0.7775534391403198,0.47877854108810425,0.7817543745040894,0.45042529702186584,0.7788677215576172,0.42478764057159424,0.7748522162437439
0.48890143632888794,0.6755791306495667,0.5146001577377319,0.6238800883293152,0.5408375859260559,0.56804358959198,0.5588432550430298,0.522272527217865,0.5750976800918579,0.48532193899154663,0.5423842072486877,0.6137646436691284,0.5811055302619934,0.620048999786377,0.6046431660652161,0.6296207904815674,0.624038577079773,0.6408891081809998,0.53827965259552,0.6595119833946228,0.5836251974105835,0.670876145362854,0.6116726398468018,0.6803166270256042,0.6331288814544678,0.687834620475769,0.5340446829795837,0.699676513671875,0.5790615081787109,0.7110735177993774,0.6049748659133911,0.7199146151542664,0.6241618990898132,0.7244345545768738,0.530560314655304,0.733670711517334,0.5655956864356995,0.7457568049430847,0.5878020524978638,0.7532893419265747,0.60725337266922,0.757943868637085
0.62221360206604,0.7706434726715088,0.6503311991691589,0.7905616164207458,0.6539433002471924,0.8243210315704346,0.6398635506629944,0.8492591381072998,0.6191420555114746,0.8728460073471069,0.5696450471878052,0.8349524140357971,0.5368281602859497,0.8636205792427063,0.5076587796211243,0.867005467414856,0.4790966212749481,0.862515926361084,0.538216233253479,0.8146849274635315,0.48905181884765625,0.8357325792312622,0.45306485891342163,0.8395904898643494,0.41773247718811035,0.8413979411125183,0.5204981565475464,0.7944258451461792,0.47491705417633057,0.8101398348808289,0.4400205910205841,0.815713107585907,0.40702390670776367,0.8188296556472778,0.5144931077957153,0.7727917432785034,0.47610607743263245,0.7805403470993042,0.4489096403121948,0.7796154618263245,0.4236513674259186,0.7776603102684021
0.6243252158164978,0.7725368738174438,0.6512985825538635,0.7930757403373718,0.6534461975097656,0.8266695141792297,0.6382282972335815,0.8487787246704102,0.6171087026596069,0.869736909866333,0.5689612030982971,0.8349878787994385,0.5356482267379761,0.863196849822998,0.5065070390701294,0.866509735584259,0.47800999879837036,0.8619357943534851,0.5381726622581482,0.81402587890625,0.48829391598701477,0.8352496027946472,0.4517499506473541,0.8397423624992371,0.4163999855518341,0.8416708111763,0.521020770072937,0.7936380505561829,0.4747834801673889,0.8101924657821655,0.4394550621509552,0.8165355324745178,0.40629449486732483,0.8196839690208435,0.5155083537101746,0.772386908531189,0.4766666889190674,0.780010461807251,0.4492245614528656,0.778549075126648,0.423938125371933,0.7756747603416443
0.6313568353652954,0.7606369853019714,0.6563339829444885,0.7821400761604309,0.6578760147094727,0.8159761428833008,0.6401513814926147,0.8380560874938965,0.6167548894882202,0.8602911829948425,0.5718826055526733,0.8287070393562317,0.5343856811523438,0.8525512218475342,0.5041332840919495,0.8536772131919861,0.47570836544036865,0.8476132154464722,0.5428369641304016,0.808798611164093,0.49023160338401794,0.8291948437690735,0.4529000520706177,0.8322464227676392,0.41802558302879333,0.8329150080680847,0.5279138684272766,0.7884329557418823,0.47935348749160767,0.8034160733222961,0.443088173866272,0.807117223739624,0.409462571144104,0.8084675073623657,0.5243958830833435,0.766329824924469,0.48358431458473206,0.7728472948074341,0.45535141229629517,0.7704958319664001,0.42951250076293945,0.7669664621353149
0.6337241530418396,0.7644180059432983,0.6598278284072876,0.7855177521705627,0.6604922413825989,0.8173680305480957,0.6424927115440369,0.8373256325721741,0.6202236413955688,0.8585430383682251,0.5740653276443481,0.8264258503913879,0.5360802412033081,0.8519328236579895,0.506102979183197,0.8531105518341064,0.47737225890159607,0.8468948602676392,0.5451970100402832,0.8065112829208374,0.49211710691452026,0.8248474597930908,0.45492735505104065,0.8284486532211304,0.41954493522644043,0.8300332427024841,0.5304053425788879,0.787521243095398,0.4818194508552551,0.8008443713188171,0.44594043493270874,0.8047558665275574,0.4121166467666626,0.8058459758758545,0.5270438194274902,0.7681333422660828,0.48659005761146545,0.7731970548629761,0.4589727222919464,0.769809901714325,0.43355369567871094,0.7650063633918762
0.648442268371582,0.7488312721252441,0.6724990606307983,0.7720873355865479,0.6715658903121948,0.8055980205535889,0.6507512927055359,0.8235970139503479,0.6255112886428833,0.8461137413978577,0.5827119946479797,0.8180925846099854,0.5427519083023071,0.8404273390769958,0.511128842830658,0.8404726982116699,0.4816664159297943,0.8311856389045715,0.5561887621879578,0.798733115196228,0.505469560623169,0.82063227891922,0.4679860472679138,0.8253883123397827,0.4337628483772278,0.8258035778999329,0.5428924560546875,0.7793945670127869,0.49378347396850586,0.7948147058486938,0.4566728472709656,0.7982361912727356,0.4217742085456848,0.7984692454338074,0.5412822365760803,0.7587351202964783,0.5020528435707092,0.7656799554824829,0.47417372465133667,0.7635176777839661,0.44830963015556335,0.7593181133270264
0.5025085806846619,0.6628462076187134,0.5236510038375854,0.6114447712898254,0.5447201132774353,0.5539617538452148,0.5629810690879822,0.5072607398033142,0.5783632397651672,0.46761006116867065,0.5409902334213257,0.5972810387611389,0.5705769062042236,0.5886021852493286,0.5914826393127441,0.5941672325134277,0.6078731417655945,0.6024053692817688,0.5389007925987244,0.6423476934432983,0.5739879012107849,0.6368192434310913,0.5980668067932129,0.6404362916946411,0.6131150722503662,0.6437802910804749,0.5371043682098389,0.6830231547355652,0.5726667046546936,0.6797868013381958,0.5931753516197205,0.6837752461433411,0.6033150553703308,0.6850700974464417,0.5355876684188843,0.7194750905036926,0.567511260509491,0.7234413027763367,0.5838261246681213,0.7252057790756226,0.5938720107078552,0.7244635820388794
0.6483708024024963,0.7552751898765564,0.6706423163414001,0.776984453201294,0.6668485999107361,0.8072080612182617,0.6462952494621277,0.823925793170929,0.6230564713478088,0.8443350791931152,0.5806246995925903,0.8201144933700562,0.5423508286476135,0.8411522507667542,0.510178804397583,0.8388864994049072,0.48038607835769653,0.8281770348548889,0.5532675981521606,0.8003144264221191,0.500643789768219,0.8159891366958618,0.4620320200920105,0.8170691132545471,0.42730283737182617,0.8150634765625,0.5397389531135559,0.7814682126045227,0.49177274107933044,0.7925688028335571,0.45506468415260315,0.7953851222991943,0.4216853082180023,0.7951124310493469,0.5381372570991516,0.7624107003211975,0.49875131249427795,0.765018105506897,0.4714867174625397,0.7613193988800049,0.4469939172267914,0.7554550766944885
0.5153133273124695,0.6617769598960876,0.5305052995681763,0.6115778088569641,0.5496668219566345,0.5523316264152527,0.5641943216323853,0.5025328993797302,0.5774186253547668,0.4608408212661743,0.5422186851501465,0.594319224357605,0.577907145023346,0.5889140367507935,0.5940711498260498,0.5942453742027283,0.6019787788391113,0.6022689938545227,0.5403723120689392,0.6391875147819519,0.5839054584503174,0.6356316208839417,0.6021482944488525,0.6372553110122681,0.6075308918952942,0.638948380947113,0.5390931963920593,0.6808371543884277,0.5840716361999512,0.6777668595314026,0.5953906178474426,0.6801227927207947,0.5936973094940186,0.6798059940338135,0.5392025709152222,0.7172501683235168,0.5773947238922119,0.7197911739349365,0.5877857804298401,0.7208702564239502,0.5890980958938599,0.7195472121238708
0.6504080295562744,0.7519183158874512,0.6727538704872131,0.7733142375946045,0.6703917384147644,0.8050448298454285,0.6495720744132996,0.8230953812599182,0.6227077841758728,0.8422811031341553,0.5817642211914062,0.8178725838661194,0.5412946343421936,0.8385763168334961,0.5090301036834717,0.8368304967880249,0.4788922071456909,0.8264949917793274,0.5559806227684021,0.797974169254303,0.5031799077987671,0.8154052495956421,0.46499890089035034,0.8178086280822754,0.4301835298538208,0.8164783120155334,0.5431045889854431,0.7783514261245728,0.49416959285736084,0.7901057600975037,0.45676225423812866,0.7926944494247437,0.4225051999092102,0.791754961013794,0.5411637425422668,0.7576078772544861,0.5005396604537964,0.7612939476966858,0.472707599401474,0.757185697555542,0.44765597581863403,0.7512428760528564
0.6488533020019531,0.7537558674812317,0.6669079661369324,0.7774354219436646,0.6616256237030029,0.8070868253707886,0.6398029923439026,0.8203291296958923,0.6107317805290222,0.8385374546051025,0.5714865326881409,0.8116549849510193,0.5221392512321472,0.8330976963043213,0.4864230155944824,0.83030104637146,0.45467233657836914,0.8196934461593628,0.5480263829231262,0.7909083366394043,0.49049437046051025,0.8045884966850281,0.44773349165916443,0.8023647665977478,0.41081929206848145,0.7965965867042542,0.5375825762748718,0.7719222903251648,0.4890884459018707,0.7834187150001526,0.45144590735435486,0.785970151424408,0.41863715648651123,0.7818124890327454,0.5377565026283264,0.7551974654197693,0.498700886964798,0.7581788301467896,0.47049227356910706,0.7524425387382507,0.4466233253479004,0.7427440881729126
0.6526480913162231,0.7541336417198181,0.6683301329612732,0.7805016040802002,0.6607416272163391,0.809434175491333,0.6369720101356506,0.8187671303749084,0.6080828905105591,0.8350001573562622,0.5702362656593323,0.8101521730422974,0.5224460363388062,0.8309061527252197,0.48711487650871277,0.8267995715141296,0.45594438910484314,0.8141596913337708,0.5484050512313843,0.7898866534233093,0.4914754033088684,0.8059536814689636,0.44961053133010864,0.8047771453857422,0.4130845069885254,0.7994822263717651,0.538948118686676,0.7703225612640381,0.4894911050796509,0.7837395668029785,0.4511340856552124,0.7851058840751648,0.4173746109008789,0.7811029553413391,0.5398254990577698,0.7505587339401245,0.5001977682113647,0.7549962997436523,0.4722273647785187,0.7511794567108154,0.44766634702682495,0.7440333962440491
0.6460340023040771,0.7527700662612915,0.6550838947296143,0.7793276309967041,0.6447122097015381,0.8058403730392456,0.6198734045028687,0.8133733868598938,0.5916861295700073,0.8270564079284668,0.5585057139396667,0.8101708292961121,0.5113918781280518,0.8317574858665466,0.47624194622039795,0.8278524875640869,0.4453762173652649,0.8152024745941162,0.5378272533416748,0.789413571357727,0.4830479323863983,0.8084763288497925,0.4397541880607605,0.8050735592842102,0.4037982225418091,0.7962351441383362,0.5295395851135254,0.7689001560211182,0.48247450590133667,0.785420835018158,0.4467198848724365,0.7862437963485718,0.4157843291759491,0.7815235257148743,0.5312371850013733,0.7481387853622437,0.4939258098602295,0.7532140016555786,0.46665647625923157,0.7482010126113892,0.44294533133506775,0.7400211095809937
0.6442477107048035,0.7522172331809998,0.6483500599861145,0.7749263048171997,0.6350622773170471,0.8004351854324341,0.6121786832809448,0.8080266714096069,0.5882505774497986,0.8199425935745239,0.5562537312507629,0.8061980605125427,0.5074222683906555,0.8256901502609253,0.4700867533683777,0.8229276537895203,0.4388517141342163,0.8111476302146912,0.5379775762557983,0.7895927429199219,0.48160791397094727,0.806739330291748,0.4381568133831024,0.8034700155258179,0.40209031105041504,0.7953742742538452,0.5297765135765076,0.771125316619873,0.48003673553466797,0.786985456943512,0.4435153007507324,0.7863504886627197,0.4127313792705536,0.7801567912101746,0.5302347540855408,0.7498993277549744,0.4943102300167084,0.7537002563476562,0.46745914220809937,0.7481005787849426,0.4448840618133545,0.7394166588783264
0.533457338809967,0.6645708084106445,0.5496232509613037,0.5975077748298645,0.5604124665260315,0.5380005836486816,0.566338300704956,0.49201852083206177,0.5753012895584106,0.44910281896591187,0.5374472141265869,0.5760785937309265,0.5484910011291504,0.5602033734321594,0.5627632737159729,0.5673163533210754,0.5718463659286499,0.5720376372337341,0.530439555644989,0.6213885545730591,0.5436577796936035,0.6078864336013794,0.562328577041626,0.6097041368484497,0.5730835199356079,0.6114858984947205,0.5289391279220581,0.6629593372344971,0.5427802801132202,0.6534326672554016,0.5617726445198059,0.6489245295524597,0.5744554400444031,0.642421305179596,0.5331850051879883,0.7014436721801758,0.5472531318664551,0.6974581480026245,0.5594587326049805,0.6946814060211182,0.5663363933563232,0.6929845809936523
0.6403740048408508,0.7564752697944641,0.5824941992759705,0.7455192804336548,0.5254492163658142,0.753265380859375,0.4795466661453247,0.7529460191726685,0.4415900409221649,0.7507171630859375,0.5210524797439575,0.7763486504554749,0.47485077381134033,0.794590950012207,0.43755316734313965,0.7959795594215393,0.40461719036102295,0.7871437668800354,0.5377170443534851,0.7844226956367493,0.48775118589401245,0.8066180348396301,0.4478914439678192,0.8065685629844666,0.41267240047454834,0.7996246814727783,0.5672351121902466,0.7874687910079956,0.52752286195755,0.821220338344574,0.49873775243759155,0.826917827129364,0.47065484523773193,0.8242407441139221,0.6043758988380432,0.7898102402687073,0.6036708950996399,0.8159521818161011,0.5908580422401428,0.82437664270401,0.5741507411003113,0.8269505500793457
0.6394109725952148,0.7580605745315552,0.5849635601043701,0.7477403879165649,0.5274088382720947,0.7549778819084167,0.48391637206077576,0.7559050917625427,0.4484001100063324,0.7554448843002319,0.519544243812561,0.784639298915863,0.4769054055213928,0.8028472065925598,0.4414271116256714,0.8029704689979553,0.41100290417671204,0.7949367165565491,0.5323850512504578,0.791267991065979,0.4813869297504425,0.8116728067398071,0.439079225063324,0.8096523880958557,0.40220046043395996,0.8013306856155396,0.5577557682991028,0.793047308921814,0.5172458291053772,0.8243982195854187,0.4839908182621002,0.828372597694397,0.45105043053627014,0.8240393996238708,0.5907463431358337,0.7931397557258606,0.5914691686630249,0.8191761374473572,0.5796199440956116,0.8248514533042908,0.5642995834350586,0.823199450969696
0.6381399631500244,0.7593274712562561,0.5850655436515808,0.7510865926742554,0.5280331373214722,0.7589911222457886,0.48331618309020996,0.7594011425971985,0.4475085437297821,0.7572961449623108,0.5222783088684082,0.7875425219535828,0.47791263461112976,0.8087885975837708,0.44094088673591614,0.8097690343856812,0.40918225049972534,0.8018317222595215,0.5342420935630798,0.7920954823493958,0.482056587934494,0.8119735717773438,0.439690500497818,0.809320330619812,0.4022340178489685,0.8004992604255676,0.5586000680923462,0.7925888299942017,0.5153536796569824,0.8210979104042053,0.481913685798645,0.8227245211601257,0.44890570640563965,0.8173887729644775,0.5908924341201782,0.7928618788719177,0.5893918871879578,0.8167707920074463,0.576485276222229,0.8244128227233887,0.5599983334541321,0.825512170791626
0.6335912346839905,0.762729287147522,0.5785191059112549,0.7515986561775208,0.5198940634727478,0.7608364224433899,0.4747728109359741,0.7601725459098816,0.4380326271057129,0.757250964641571,0.5154759287834167,0.7859498262405396,0.47070154547691345,0.8038907647132874,0.4331454634666443,0.8043676614761353,0.40058159828186035,0.7950679659843445,0.5311923623085022,0.7930545210838318,0.48141470551490784,0.8145356178283691,0.4404475688934326,0.8127589821815491,0.4034636616706848,0.8044957518577576,0.559608519077301,0.7962381839752197,0.5207537412643433,0.8290523886680603,0.49123355746269226,0.8333083987236023,0.4611707627773285,0.8304349184036255,0.5954861640930176,0.7990198135375977,0.5966732501983643,0.8230758905410767,0.5850903391838074,0.8299903869628906,0.5682966113090515,0.8318147659301758
0.557908296585083,0.6908480525016785,0.566137433052063,0.6162309050559998,0.5601699948310852,0.5492051839828491,0.5534308552742004,0.5002425312995911,0.555061936378479,0.45603010058403015,0.5291677713394165,0.5854989290237427,0.5293334722518921,0.5747413039207458,0.543095052242279,0.5744380950927734,0.5500233173370361,0.5761727690696716,0.5223659873008728,0.6233711242675781,0.5279709696769714,0.613281786441803,0.5418040752410889,0.6085214018821716,0.5467327833175659,0.6112528443336487,0.5215863585472107,0.6592827439308167,0.5273870229721069,0.6508490443229675,0.5376780033111572,0.6449359655380249,0.5401605367660522,0.6444764137268066,0.5254178643226624,0.6921297311782837,0.5329286456108093,0.6855707168579102,0.5428187847137451,0.6800327897071838,0.5472519993782043,0.6807520389556885
0.6382121443748474,0.7583279609680176,0.5839183330535889,0.7491067051887512,0.5294734239578247,0.760460376739502,0.48633766174316406,0.7632425427436829,0.45000964403152466,0.765227735042572,0.5184133052825928,0.7822127342224121,0.4736254811286926,0.7975485920906067,0.437346488237381,0.7980334162712097,0.40571752190589905,0.7903287410736084,0.5331202745437622,0.790493905544281,0.48148176074028015,0.8115110397338867,0.4399494230747223,0.8111612200737,0.40268033742904663,0.8047018051147461,0.5615710020065308,0.7941941022872925,0.5213285088539124,0.8271703720092773,0.49053922295570374,0.8332541584968567,0.4593053460121155,0.8316708207130432,0.5976871252059937,0.7972769737243652,0.5965601205825806,0.8237547278404236,0.5839417576789856,0.831196665763855,0.5666639804840088,0.8333176970481873
0.6337034106254578,0.7644340395927429,0.5746927261352539,0.7567371726036072,0.5175570249557495,0.76749187707901,0.47353529930114746,0.7663019299507141,0.43708887696266174,0.7612507939338684,0.5138742923736572,0.7792378664016724,0.466541051864624,0.7981992959976196,0.42861270904541016,0.7999317646026611,0.39590704441070557,0.7918253540992737,0.5303980112075806,0.7864196300506592,0.47909510135650635,0.8098635077476501,0.4384004473686218,0.8123776912689209,0.40169671177864075,0.8079812526702881,0.5594196915626526,0.792308509349823,0.5193517208099365,0.8257143497467041,0.49033376574516296,0.83445143699646,0.46150559186935425,0.8350179195404053,0.5960646867752075,0.8000500798225403,0.5942216515541077,0.8231643438339233,0.5817476511001587,0.830493688583374,0.564444899559021,0.8331114053726196
0.6352301239967346,0.761186957359314,0.5820120573043823,0.7546618580818176,0.5257518887519836,0.7639256715774536,0.48145875334739685,0.762440025806427,0.44426459074020386,0.7608125805854797,0.5138559937477112,0.7807518839836121,0.46669521927833557,0.7969062924385071,0.4296518862247467,0.7983242869377136,0.3982568085193634,0.7912055850028992,0.528631329536438,0.7894287109375,0.4774447977542877,0.8119459748268127,0.437725305557251,0.8139203786849976,0.40289944410324097,0.809065043926239,0.5565026998519897,0.7955920100212097,0.5152435898780823,0.827836275100708,0.4858940839767456,0.8360465168952942,0.4564950466156006,0.8363959193229675,0.5918533205986023,0.8022716641426086,0.5867054462432861,0.8270919322967529,0.5752180218696594,0.8335578441619873,0.5597336292266846,0.8356712460517883
0.6385703086853027,0.7653970122337341,0.6157128214836121,0.7792521715164185,0.5845934152603149,0.8013918995857239,0.5563984513282776,0.8093612790107727,0.5308919548988342,0.8202457427978516,0.5259292721748352,0.8008532524108887,0.4753410220146179,0.8121508359909058,0.43562379479408264,0.8126979470252991,0.404296875,0.8053106665611267,0.5223084092140198,0.7937330603599548,0.4692624509334564,0.8109626173973083,0.42828691005706787,0.8113265633583069,0.3937603831291199,0.8061547875404358,0.5313824415206909,0.785487711429596,0.48996078968048096,0.8095479607582092,0.45922088623046875,0.8150906562805176,0.4310091733932495,0.812989354133606,0.5505774021148682,0.7771205306053162,0.5385472178459167,0.795954704284668,0.5276756882667542,0.8031923174858093,0.5171747207641602,0.8042353391647339
0.596265971660614,0.6622777581214905,0.5843023061752319,0.6086359024047852,0.5620629787445068,0.5553728342056274,0.5507440567016602,0.5110569000244141,0.5547142028808594,0.46992677450180054,0.5480343103408813,0.5919643044471741,0.5245029330253601,0.5892181396484375,0.5253879427909851,0.5881064534187317,0.5331333875656128,0.5873607993125916,0.5452965497970581,0.6338316798210144,0.5164107084274292,0.6309897303581238,0.5194130539894104,0.6309676766395569,0.5329785346984863,0.6320155262947083,0.5464470386505127,0.6738980412483215,0.5232430100440979,0.6763820052146912,0.5276403427124023,0.676437497138977,0.5400058627128601,0.673859179019928,0.5512128472328186,0.7125334143638611,0.533595085144043,0.7205841541290283,0.539209246635437,0.7204484343528748,0.5499276518821716,0.7185059785842896
0.6357285976409912,0.7660961747169495,0.5794962048530579,0.7588126063346863,0.5222948789596558,0.768925130367279,0.47816234827041626,0.7683997750282288,0.44072115421295166,0.7654451727867126,0.5115614533424377,0.7868800759315491,0.4640003740787506,0.8045159578323364,0.4257471561431885,0.8058449625968933,0.39284974336624146,0.7975948452949524,0.5273051261901855,0.7934196591377258,0.47746965289115906,0.8160029649734497,0.43839532136917114,0.8175367116928101,0.4029864966869354,0.8129919171333313,0.5565837621688843,0.7972098588943481,0.5157276391983032,0.8300239443778992,0.48636406660079956,0.8378262519836426,0.45638564229011536,0.8387837409973145,0.5938233733177185,0.8022790551185608,0.588617205619812,0.8282676339149475,0.5744116306304932,0.8377844095230103,0.556026041507721,0.8424286842346191
0.6373617649078369,0.7695491909980774,0.5899186134338379,0.7607282996177673,0.5372433066368103,0.7703782320022583,0.4944060444831848,0.7706733345985413,0.45797091722488403,0.7723543643951416,0.5142622590065002,0.7918134927749634,0.46634209156036377,0.8081896305084229,0.42782676219940186,0.8091857433319092,0.39615964889526367,0.8016089200973511,0.5248748064041138,0.797458291053772,0.4748039245605469,0.8188376426696777,0.435452938079834,0.8184235692024231,0.4005184471607208,0.8124161958694458,0.5487255454063416,0.7996381521224976,0.5076085329055786,0.8312726020812988,0.4784168303012848,0.8352813720703125,0.4490862786769867,0.8327269554138184,0.5807919502258301,0.8005528450012207,0.5751192569732666,0.8279145359992981,0.5636916160583496,0.8393176794052124,0.5490298867225647,0.8453825116157532
0.6374622583389282,0.7716814279556274,0.5928551554679871,0.7647823095321655,0.5416210293769836,0.7736735343933105,0.4990106523036957,0.7739565968513489,0.46324118971824646,0.7763603925704956,0.5156322717666626,0.7918019890785217,0.4663034677505493,0.808526337146759,0.42743396759033203,0.8104076981544495,0.3957197666168213,0.8036459684371948,0.5240399241447449,0.7968871593475342,0.47298574447631836,0.8181370496749878,0.43318837881088257,0.8186241984367371,0.3983266353607178,0.8130466938018799,0.5454952120780945,0.7992211580276489,0.5035639405250549,0.8297398686408997,0.4734523892402649,0.8341185450553894,0.44387662410736084,0.8310630917549133,0.5756275653839111,0.8001183271408081,0.5690680742263794,0.8281124234199524,0.5581170320510864,0.83946293592453,0.5447169542312622,0.8447532653808594
0.6350221037864685,0.7693006992340088,0.5843202471733093,0.7626726627349854,0.525476336479187,0.7716989517211914,0.48002538084983826,0.7702409625053406,0.44148170948028564,0.7696871161460876,0.5126099586486816,0.7954517006874084,0.4629167318344116,0.8119745850563049,0.42331627011299133,0.8137277960777283,0.39000803232192993,0.8054348826408386,0.5253182649612427,0.8023953437805176,0.4753780663013458,0.823671817779541,0.4358896017074585,0.8242297768592834,0.4003443419933319,0.8177840709686279,0.5511349439620972,0.8061643838882446,0.5103253126144409,0.8375471830368042,0.4812217354774475,0.8412512540817261,0.45208948850631714,0.8376345038414001,0.5851074457168579,0.8097814321517944,0.5807002782821655,0.8365172147750854,0.5695987939834595,0.845114529132843,0.5546981692314148,0.8481280207633972
0.5773448348045349,0.658787727355957,0.5727822780609131,0.6064253449440002,0.5572783946990967,0.5546913146972656,0.549770712852478,0.5099696516990662,0.5515148639678955,0.46870923042297363,0.5447400212287903,0.5946444869041443,0.5265381336212158,0.5902597904205322,0.5233246684074402,0.5861757397651672,0.5241389870643616,0.5838495492935181,0.5408809185028076,0.6355372667312622,0.5193924903869629,0.6320503354072571,0.5171019434928894,0.6277304887771606,0.5218634605407715,0.6257575154304504,0.5430405139923096,0.674360454082489,0.5253064036369324,0.6775314807891846,0.5238720178604126,0.6739209890365601,0.5280686020851135,0.666085958480835,0.5498393177986145,0.7108030319213867,0.5360650420188904,0.7240551114082336,0.5356951951980591,0.7228512763977051,0.5394618511199951,0.7172128558158875
0.6393640637397766,0.7728386521339417,0.6177306771278381,0.7838095426559448,0.582444965839386,0.8070604801177979,0.5495278835296631,0.8135043382644653,0.5194153785705566,0.8217455148696899,0.527564287185669,0.814231812953949,0.47618672251701355,0.825910747051239,0.4345989227294922,0.8250125646591187,0.40208324790000916,0.8168401718139648,0.5230252146720886,0.8064976334571838,0.47038334608078003,0.8228616714477539,0.4291855990886688,0.820081889629364,0.3943426012992859,0.812958836555481,0.5304241180419922,0.7966263890266418,0.4863557517528534,0.8169131875038147,0.45387086272239685,0.8175299763679504,0.4245471656322479,0.812706470489502,0.5474921464920044,0.7855491042137146,0.527511715888977,0.7977206707000732,0.5102714896202087,0.7991297841072083,0.4941549301147461,0.795552134513855
0.6384133696556091,0.7737271785736084,0.5968027114868164,0.7684162855148315,0.544956386089325,0.7789924740791321,0.5023924708366394,0.7794099450111389,0.4679569602012634,0.780310869216919,0.5202329158782959,0.8013846278190613,0.4701783359050751,0.8167402744293213,0.43026673793792725,0.81754070520401,0.3982387185096741,0.8101772665977478,0.5265951156616211,0.8054594397544861,0.47400403022766113,0.823957622051239,0.4324868321418762,0.8216555714607239,0.3963213562965393,0.8148208856582642,0.5451841354370117,0.8053555488586426,0.5005146861076355,0.8318436741828918,0.4686177670955658,0.8319212198257446,0.4378717839717865,0.8260327577590942,0.5723609328269958,0.803445041179657,0.5614089369773865,0.8269417881965637,0.5492134094238281,0.8336220383644104,0.5354956388473511,0.8336293697357178
0.6374087929725647,0.7717897891998291,0.5952138900756836,0.7660609483718872,0.5465633869171143,0.7771375775337219,0.5062940120697021,0.778881311416626,0.4727396070957184,0.7810940146446228,0.5190199613571167,0.800804853439331,0.46952834725379944,0.8140920996665955,0.43023890256881714,0.8136752843856812,0.398329496383667,0.8050671219825745,0.5265020132064819,0.8047440648078918,0.47390106320381165,0.8231692910194397,0.4331042468547821,0.8204478025436401,0.39720404148101807,0.8130584955215454,0.5470653176307678,0.8041642904281616,0.5043044686317444,0.8322474360466003,0.4730786979198456,0.8332366943359375,0.44239404797554016,0.8276883959770203,0.5764549970626831,0.801654040813446,0.5688904523849487,0.828299880027771,0.5578733682632446,0.8361245393753052,0.5449314117431641,0.8372600078582764
0.5743210315704346,0.652654767036438,0.5716087222099304,0.601667582988739,0.5566612482070923,0.5514858961105347,0.5491617321968079,0.5086615681648254,0.5524322390556335,0.46746277809143066,0.542895495891571,0.5916388034820557,0.5232331156730652,0.5895620584487915,0.5233026742935181,0.5906049013137817,0.5300284624099731,0.5926476716995239,0.5392482876777649,0.6332198977470398,0.5151998996734619,0.6323102712631226,0.5143069624900818,0.6324803233146667,0.5243088603019714,0.6351182460784912,0.5410324931144714,0.6723519563674927,0.5211403369903564,0.6762370467185974,0.5215998291969299,0.6795327067375183,0.5311941504478455,0.6805644035339355,0.5470163226127625,0.7085739374160767,0.5332936644554138,0.7211925983428955,0.5350684523582458,0.7248898148536682,0.5432700514793396,0.7262716293334961
0.6378118395805359,0.769081175327301,0.6171964406967163,0.7824292182922363,0.587062656879425,0.8063412308692932,0.5601733326911926,0.8157907128334045,0.534625768661499,0.8241525292396545,0.5320550799369812,0.8113794326782227,0.4818532466888428,0.8231086730957031,0.4427606463432312,0.8223406672477722,0.4113643765449524,0.8146894574165344,0.5275205969810486,0.8036307096481323,0.47303998470306396,0.8189517259597778,0.4312852621078491,0.8166897296905518,0.39512401819229126,0.8102586269378662,0.5346396565437317,0.7937009334564209,0.4894741475582123,0.813480794429779,0.45706266164779663,0.8148504495620728,0.42802518606185913,0.8101449012756348,0.5511167049407959,0.782518208026886,0.5288183093070984,0.7947849035263062,0.5113911032676697,0.7962028384208679,0.495736300945282,0.7920414805412292
0.634795069694519,0.7754454612731934,0.6039926409721375,0.7857008576393127,0.5603403449058533,0.7988626956939697,0.5207838416099548,0.7967014312744141,0.4882669746875763,0.7943001985549927,0.5257890224456787,0.8109084963798523,0.478642076253891,0.8243318200111389,0.4405355453491211,0.8222357630729675,0.4097897410392761,0.81253981590271,0.5241891145706177,0.8060157895088196,0.4726438522338867,0.821702241897583,0.4304216504096985,0.8189486861228943,0.3931474983692169,0.8123522996902466,0.534119725227356,0.7981553673744202,0.49042266607284546,0.8188788890838623,0.45821356773376465,0.8196513056755066,0.42794668674468994,0.8141348361968994,0.5535053014755249,0.7884191274642944,0.5368496775627136,0.8045527338981628,0.521546483039856,0.8071102499961853,0.5066199898719788,0.8032123446464539
0.6352453827857971,0.7708895206451416,0.5886609554290771,0.7646899223327637,0.5304771661758423,0.7735385298728943,0.48420268297195435,0.7738681435585022,0.44739651679992676,0.7709020376205444,0.5185531973838806,0.8001939654350281,0.47473689913749695,0.8185065984725952,0.43766307830810547,0.8183900713920593,0.40704554319381714,0.8103389739990234,0.5294877290725708,0.8069591522216797,0.4813869893550873,0.8276037573814392,0.4411972463130951,0.8261683583259583,0.4062158465385437,0.818327784538269,0.5520462393760681,0.8096925020217896,0.5131728053092957,0.837893009185791,0.4817843437194824,0.8398067355155945,0.45037075877189636,0.8334652781486511,0.5823881030082703,0.8113313317298889,0.5782391428947449,0.8357399106025696,0.5687794089317322,0.8405477404594421,0.5567754507064819,0.8377883434295654
0.6351133584976196,0.7730882167816162,0.6124828457832336,0.7833943367004395,0.5801113247871399,0.8039690852165222,0.5505210161209106,0.8106447458267212,0.5256412625312805,0.8181867003440857,0.5324416756629944,0.8153854012489319,0.48542386293411255,0.8300392031669617,0.448038250207901,0.8284944891929626,0.41783076524734497,0.8197180032730103,0.5286577343940735,0.8087901473045349,0.47573062777519226,0.8255806565284729,0.4342672526836395,0.8240004777908325,0.3985595405101776,0.8182222843170166,0.5363969802856445,0.7991513609886169,0.4922083616256714,0.8174375891685486,0.45648229122161865,0.818459153175354,0.42332959175109863,0.8133915066719055,0.5535393357276917,0.7880524396896362,0.5346949100494385,0.7977214455604553,0.5168849229812622,0.7965104579925537,0.5005117654800415,0.7900838255882263
0.6301132440567017,0.7674131393432617,0.6387799382209778,0.7931711077690125,0.626689076423645,0.8229368925094604,0.60270094871521,0.8298362493515015,0.5767697691917419,0.8379478454589844,0.5484757423400879,0.8300686478614807,0.500277578830719,0.845163881778717,0.4612486958503723,0.8425387740135193,0.4287867546081543,0.8320320844650269,0.5292152762413025,0.8134837746620178,0.47626402974128723,0.8293043971061707,0.43441659212112427,0.8259246945381165,0.39850127696990967,0.8182989954948425,0.5207305550575256,0.7952382564544678,0.4710448980331421,0.8071237206459045,0.43142855167388916,0.803020715713501,0.39728808403015137,0.7944258451461792,0.5210411548614502,0.7737842798233032,0.48421788215637207,0.7755401730537415,0.45614805817604065,0.76978999376297,0.4324481189250946,0.7612006664276123
0.6315852403640747,0.7697684168815613,0.6406514048576355,0.7944772839546204,0.6297628283500671,0.8237172365188599,0.6057385206222534,0.8306161761283875,0.5789617896080017,0.8364071249961853,0.5483699440956116,0.8312966227531433,0.5009505748748779,0.846006453037262,0.4630637466907501,0.8424121141433716,0.43143752217292786,0.8313060402870178,0.5299714803695679,0.8141501545906067,0.476703941822052,0.8270363211631775,0.43487221002578735,0.8234325647354126,0.3992823362350464,0.8153665661811829,0.5225808620452881,0.7961813807487488,0.4742310047149658,0.8066859245300293,0.434481680393219,0.8034905791282654,0.40035194158554077,0.7951350212097168,0.5246024131774902,0.7769168019294739,0.48846498131752014,0.7769540548324585,0.46034789085388184,0.7707918286323547,0.436637818813324,0.7618618607521057
0.6357616782188416,0.7729714512825012,0.6422301530838013,0.7975187301635742,0.6299113631248474,0.8244777917861938,0.605655312538147,0.8294209241867065,0.5806123614311218,0.8372524380683899,0.549139678478241,0.8256092071533203,0.5015562176704407,0.8413132429122925,0.4627171754837036,0.8388321995735168,0.43031683564186096,0.8291018605232239,0.5327605605125427,0.8102039694786072,0.4789832532405853,0.8230897784233093,0.4363219141960144,0.8200594186782837,0.40031057596206665,0.8121499419212341,0.5268241167068481,0.7940822839736938,0.4780256450176239,0.8040145039558411,0.43770521879196167,0.8012360334396362,0.4036487340927124,0.7925447225570679,0.5298511385917664,0.7772870063781738,0.4943421483039856,0.7759860754013062,0.46590977907180786,0.7696318626403809,0.44191816449165344,0.7597408890724182
0.6369752883911133,0.7790902853012085,0.6091085076332092,0.7850808501243591,0.5666767954826355,0.7948112487792969,0.5260454416275024,0.7917195558547974,0.4913056194782257,0.7914072871208191,0.5331933498382568,0.8147200345993042,0.4877934455871582,0.8321532607078552,0.45008373260498047,0.8300151824951172,0.419960081577301,0.8190386295318604,0.5331422686576843,0.8133325576782227,0.48221108317375183,0.8315093517303467,0.44004085659980774,0.82683265209198,0.40402644872665405,0.8166187405586243,0.5442937016487122,0.8085401654243469,0.4975587725639343,0.8272355794906616,0.4575241208076477,0.8213286399841309,0.4202473759651184,0.8092136383056641,0.5646167397499084,0.8005430698394775,0.546556293964386,0.8108533024787903,0.5259581208229065,0.8090822696685791,0.5064733028411865,0.8019375801086426
0.5568954944610596,0.6531492471694946,0.556171178817749,0.5996069312095642,0.5496265888214111,0.5500468015670776,0.5533264875411987,0.5073191523551941,0.5594265460968018,0.46539080142974854,0.5157274007797241,0.5919450521469116,0.5399577021598816,0.5852525234222412,0.5541654229164124,0.5795718431472778,0.5580739974975586,0.575096070766449,0.5113165378570557,0.6352698802947998,0.5462657809257507,0.627471923828125,0.559084415435791,0.620100736618042,0.5590727925300598,0.6177703738212585,0.5155611038208008,0.6760390996932983,0.5478886961936951,0.6694180369377136,0.5584558248519897,0.6603165864944458,0.5561951994895935,0.6548677682876587,0.5236531496047974,0.7136036157608032,0.5489937663078308,0.712674617767334,0.5570041537284851,0.7030563354492188,0.5559870600700378,0.6975311636924744
0.6306436061859131,0.7747400999069214,0.6435508728027344,0.7976560592651367,0.6363831758499146,0.8256110548973083,0.6157413721084595,0.8336650729179382,0.5909975171089172,0.8444793224334717,0.5528956055641174,0.8323361277580261,0.5073525309562683,0.8486068844795227,0.47109323740005493,0.8449304103851318,0.4396098256111145,0.8335292339324951,0.5320835709571838,0.814660906791687,0.47890520095825195,0.8316816687583923,0.4370048940181732,0.8290113806724548,0.40101808309555054,0.8212141990661621,0.5232407450675964,0.7963278293609619,0.47312283515930176,0.8102485537528992,0.43405449390411377,0.807788610458374,0.4003874361515045,0.8000462055206299,0.5232329368591309,0.7761799097061157,0.4852462112903595,0.7785311341285706,0.45706599950790405,0.7730649709701538,0.4335015118122101,0.7644708156585693
0.6347464323043823,0.7742195725440979,0.6473858952522278,0.79723060131073,0.6399447321891785,0.8257710933685303,0.6177273392677307,0.8324069380760193,0.5916519165039062,0.8427019715309143,0.554726243019104,0.8336882591247559,0.5073122382164001,0.8509740233421326,0.4692710041999817,0.8469959497451782,0.43787068128585815,0.8335710167884827,0.5339803695678711,0.816758930683136,0.4807726740837097,0.8342753052711487,0.4386906921863556,0.8297289609909058,0.4035525321960449,0.8195623159408569,0.5247582197189331,0.7983668446540833,0.4759758710861206,0.8123245239257812,0.43643641471862793,0.8084611296653748,0.4023674428462982,0.7990003824234009,0.525068998336792,0.7774140238761902,0.4889957010746002,0.778518557548523,0.46089377999305725,0.7719137668609619,0.4368695616722107,0.7628813982009888
0.6376909017562866,0.775745153427124,0.6267638802528381,0.7916262149810791,0.5956785678863525,0.8074133396148682,0.5545048713684082,0.802052915096283,0.5158050656318665,0.7983651161193848,0.5473177433013916,0.8210968375205994,0.5002615451812744,0.8434540033340454,0.46214625239372253,0.8401802778244019,0.43074947595596313,0.8282240033149719,0.5371260643005371,0.8125171065330505,0.4837712347507477,0.8300340175628662,0.4408968687057495,0.8249179720878601,0.4040730595588684,0.8147684335708618,0.5389686822891235,0.8021127581596375,0.4936990737915039,0.8158929347991943,0.4519864618778229,0.8112075924873352,0.4151042699813843,0.7998302578926086,0.5513746738433838,0.7886162996292114,0.5294753313064575,0.7964450120925903,0.5080100893974304,0.7940308451652527,0.48982366919517517,0.7865663170814514
0.6316506862640381,0.774385392665863,0.6518109440803528,0.7984496355056763,0.6483599543571472,0.8251476287841797,0.627518892288208,0.8343830704689026,0.598679780960083,0.8453342914581299,0.5617133975028992,0.8341954946517944,0.5141642689704895,0.8497700691223145,0.47786006331443787,0.8420130610466003,0.44653934240341187,0.8261184096336365,0.5368632674217224,0.8122797608375549,0.4809793531894684,0.829460859298706,0.43765953183174133,0.8268229961395264,0.40116453170776367,0.8189400434494019,0.5255611538887024,0.7935486435890198,0.47513315081596375,0.8074983954429626,0.43635231256484985,0.8065602779388428,0.4033130407333374,0.7998307347297668,0.5243711471557617,0.7771912813186646,0.48551008105278015,0.7804675102233887,0.4573470652103424,0.7750836610794067,0.43379154801368713,0.7666897773742676
0.6329253911972046,0.7753013968467712,0.6519126892089844,0.795691728591919,0.6473760604858398,0.8230570554733276,0.6259644627571106,0.8301467895507812,0.5953021049499512,0.8401651978492737,0.5642043948173523,0.8294399976730347,0.5189125537872314,0.8502128720283508,0.4825299084186554,0.8455795049667358,0.450725257396698,0.8319529294967651,0.539124071598053,0.8137789964675903,0.4845052659511566,0.8329911231994629,0.4418031573295593,0.8287990093231201,0.4046419858932495,0.8198685646057129,0.5258659720420837,0.7970470190048218,0.47705352306365967,0.8116480708122253,0.4364737570285797,0.8092313408851624,0.40206050872802734,0.8005839586257935,0.5228806734085083,0.778094470500946,0.48627057671546936,0.7815344333648682,0.45727935433387756,0.7761373519897461,0.4331149160861969,0.7669241428375244
0.6326113343238831,0.7777126431465149,0.6526394486427307,0.797461211681366,0.6467190980911255,0.8246369361877441,0.6222199201583862,0.8289495706558228,0.5867273807525635,0.8356704115867615,0.5651963353157043,0.8322145938873291,0.5188568830490112,0.853600800037384,0.4810405671596527,0.8489183187484741,0.447905033826828,0.8352935910224915,0.5389494895935059,0.8156037926673889,0.48419538140296936,0.8350931406021118,0.44134894013404846,0.8296217322349548,0.40397489070892334,0.819782555103302,0.5253289341926575,0.7989855408668518,0.4767792224884033,0.81293785572052,0.4369955360889435,0.8102413415908813,0.402662456035614,0.8016072511672974,0.5225021839141846,0.780899703502655,0.4860542118549347,0.7873512506484985,0.45728933811187744,0.7833313941955566,0.4329022765159607,0.7750536799430847
0.6325708627700806,0.7739596962928772,0.6537570357322693,0.7949650287628174,0.6504228115081787,0.8237096667289734,0.6289838552474976,0.8317530155181885,0.5967274308204651,0.8414393663406372,0.5657509565353394,0.8331046104431152,0.5197173953056335,0.8536062240600586,0.48289942741394043,0.8488075137138367,0.45052313804626465,0.8349990844726562,0.5393534898757935,0.8162646293640137,0.4854348599910736,0.8357868194580078,0.4431315064430237,0.8309904336929321,0.40593162178993225,0.8218061327934265,0.5252571105957031,0.7986184358596802,0.4767356216907501,0.8127501606941223,0.4365818202495575,0.8104040622711182,0.4022258520126343,0.8023701906204224,0.5215727090835571,0.7794325947761536,0.48388344049453735,0.7835333943367004,0.45503339171409607,0.7779427766799927,0.4312843382358551,0.7686660289764404
0.6355549097061157,0.7796257138252258,0.6599708795547485,0.799480676651001,0.6593859791755676,0.8269901871681213,0.6383913159370422,0.8372197151184082,0.6079212427139282,0.8486950397491455,0.5694561004638672,0.8340864181518555,0.5236923694610596,0.8534450531005859,0.48921850323677063,0.8465079665184021,0.4575240910053253,0.8303623199462891,0.5419937372207642,0.8169196844100952,0.4867379069328308,0.8346565365791321,0.44491928815841675,0.8317159414291382,0.4077621102333069,0.8239756226539612,0.528065025806427,0.7994707226753235,0.47951990365982056,0.81334388256073,0.4403756260871887,0.8134067058563232,0.4053916335105896,0.80712890625,0.5255739092826843,0.7817228436470032,0.48705896735191345,0.7859978675842285,0.4592905640602112,0.7804501056671143,0.4355528652667999,0.7714842557907104
0.6370389461517334,0.7785521745681763,0.6605350971221924,0.7985436916351318,0.6587843894958496,0.8270097374916077,0.6389772891998291,0.836577296257019,0.609871506690979,0.8470898866653442,0.5707994699478149,0.834939181804657,0.5279562473297119,0.8549007177352905,0.4931778907775879,0.8486905097961426,0.4610699713230133,0.8333063125610352,0.5436088442802429,0.8180091381072998,0.4892943501472473,0.8373222947120667,0.4475579261779785,0.832935631275177,0.40958505868911743,0.8245548009872437,0.5293446183204651,0.8011664748191833,0.48085659742355347,0.8156182765960693,0.44155216217041016,0.8140175342559814,0.4062938392162323,0.807761549949646,0.5267924666404724,0.7842521071434021,0.48895853757858276,0.7902830243110657,0.4613149166107178,0.7850390076637268,0.43675434589385986,0.7767032384872437
0.6401456594467163,0.7809280753135681,0.6665698289871216,0.8001884818077087,0.666943371295929,0.8290404081344604,0.6488644480705261,0.8402043581008911,0.619767963886261,0.8512210845947266,0.5788326859474182,0.833641767501831,0.5353155732154846,0.8556694984436035,0.5007173418998718,0.8489333391189575,0.46797576546669006,0.832976758480072,0.550045907497406,0.8161564469337463,0.4969715178012848,0.8375427722930908,0.45611029863357544,0.834848940372467,0.4176161289215088,0.8275433778762817,0.5348709225654602,0.7997325658798218,0.48746785521507263,0.813622236251831,0.44835376739501953,0.813684344291687,0.41305285692214966,0.8072272539138794,0.5311976671218872,0.7841046452522278,0.4935314655303955,0.7885705232620239,0.46500271558761597,0.7829793691635132,0.4395129978656769,0.7735469341278076
0.6426993608474731,0.7901688814163208,0.6673173904418945,0.8062842488288879,0.6670433282852173,0.8321086764335632,0.6494669914245605,0.8432410359382629,0.6234478950500488,0.8519277572631836,0.5789516568183899,0.8400124311447144,0.5366532802581787,0.8601477146148682,0.5027508735656738,0.8522336483001709,0.4712594151496887,0.8348370790481567,0.5504457950592041,0.8204041123390198,0.4959188401699066,0.8364956974983215,0.45469868183135986,0.8325832486152649,0.41587358713150024,0.8252096176147461,0.5355872511863708,0.8029618859291077,0.48720020055770874,0.8132571578025818,0.44792696833610535,0.8126357197761536,0.4124926030635834,0.807976484298706,0.5331738591194153,0.7864733338356018,0.4928574562072754,0.7896990180015564,0.463717520236969,0.7840608954429626,0.4378494918346405,0.7767150402069092
0.6409136056900024,0.7925218343734741,0.6648100018501282,0.8083645105361938,0.665662944316864,0.8317967057228088,0.6498941779136658,0.8420480489730835,0.6241826415061951,0.8504065871238708,0.5771019458770752,0.8403871059417725,0.5362050533294678,0.8613954186439514,0.5029610395431519,0.8521799445152283,0.47240689396858215,0.8334030508995056,0.5492157340049744,0.8208226561546326,0.4958583414554596,0.8375450372695923,0.4557802677154541,0.8333207368850708,0.41744840145111084,0.8263765573501587,0.5343772768974304,0.8033234477043152,0.48715662956237793,0.8137869238853455,0.4493834972381592,0.8124273419380188,0.413932204246521,0.8083344101905823,0.5313873291015625,0.7864506244659424,0.49158230423927307,0.7889937162399292,0.4633921980857849,0.7826954126358032,0.4371059536933899,0.7756065726280212
0.6431956887245178,0.7870713472366333,0.6669760942459106,0.8054176568984985,0.6688417196273804,0.8307644724845886,0.6525598764419556,0.8410322070121765,0.6268239617347717,0.8488436341285706,0.5778859853744507,0.840250551700592,0.5361892580986023,0.860713005065918,0.503075122833252,0.8514114022254944,0.47259315848350525,0.8328781127929688,0.5502797365188599,0.8207062482833862,0.49719393253326416,0.838367223739624,0.4575613737106323,0.8344202637672424,0.42018282413482666,0.8275717496871948,0.5360621213912964,0.8028516173362732,0.4885280132293701,0.8142301440238953,0.4513518214225769,0.812893807888031,0.41658681631088257,0.8090488314628601,0.5333836674690247,0.7853741645812988,0.4931890070438385,0.788051426410675,0.4647585451602936,0.7817507386207581,0.43884992599487305,0.7746531963348389
0.6425597071647644,0.7934238910675049,0.667250394821167,0.8072613477706909,0.6688134670257568,0.8300783634185791,0.6535278558731079,0.8419436812400818,0.6273901462554932,0.8536174297332764,0.5787156224250793,0.8417288064956665,0.5369969606399536,0.8610097169876099,0.5037035942077637,0.8516845107078552,0.47237324714660645,0.8333254456520081,0.5504997968673706,0.821480929851532,0.4961870312690735,0.8370752930641174,0.45626741647720337,0.8327396512031555,0.4174799919128418,0.8259671330451965,0.5360506772994995,0.8035439252853394,0.4875434339046478,0.8133512735366821,0.4496803879737854,0.8125328421592712,0.41409140825271606,0.8089883923530579,0.5336925387382507,0.7863370180130005,0.49279123544692993,0.7885581851005554,0.4640781581401825,0.782092809677124,0.4371855556964874,0.7751291394233704
0.6352446675300598,0.7952328324317932,0.6615968942642212,0.8095922470092773,0.6653250455856323,0.8326806426048279,0.6517592668533325,0.8444088697433472,0.628313422203064,0.8511282205581665,0.5760838389396667,0.8405328392982483,0.5358873009681702,0.8609055280685425,0.5035802125930786,0.851250410079956,0.4730643332004547,0.8323317766189575,0.5467163324356079,0.8209922313690186,0.494018018245697,0.8383961319923401,0.4552578926086426,0.834090530872345,0.4170346260070801,0.8271425366401672,0.5311192870140076,0.8030719757080078,0.48474839329719543,0.8146174550056458,0.4480593204498291,0.8130025267601013,0.4136246144771576,0.8087248802185059,0.5277678370475769,0.7853190302848816,0.4881064295768738,0.7886155843734741,0.46024152636528015,0.7821837067604065,0.4346335530281067,0.7753100991249084
0.6365246176719666,0.7964878678321838,0.6630978584289551,0.8117964863777161,0.6658715605735779,0.8360158205032349,0.6501091122627258,0.8486118912696838,0.6283016204833984,0.8495875000953674,0.5781699419021606,0.8454455733299255,0.5372894406318665,0.8627220988273621,0.5039070844650269,0.8513155579566956,0.4728551506996155,0.8311483263969421,0.5482180714607239,0.8249756693840027,0.4950234889984131,0.8390061855316162,0.4546133577823639,0.8339104056358337,0.41602349281311035,0.8261132836341858,0.5323874354362488,0.8063428997993469,0.48534631729125977,0.8159319162368774,0.44822821021080017,0.8134921193122864,0.4140406847000122,0.8080718517303467,0.5284630060195923,0.7884708642959595,0.4888347387313843,0.7903202772140503,0.4606849253177643,0.7834871411323547,0.4349953532218933,0.7763152122497559
0.6310852766036987,0.7929762005805969,0.659833550453186,0.8102776408195496,0.6634676456451416,0.8371642231941223,0.6503785252571106,0.8499589562416077,0.6300052404403687,0.8498088121414185,0.5769935846328735,0.8432211875915527,0.5361461639404297,0.8627985715866089,0.5045462846755981,0.8524925112724304,0.4746185839176178,0.8339560031890869,0.5472062230110168,0.8225644826889038,0.4951130151748657,0.8390170335769653,0.4549122452735901,0.8351122140884399,0.415717214345932,0.8284566402435303,0.5303648114204407,0.8043347597122192,0.48331546783447266,0.8155959844589233,0.44595956802368164,0.8150916695594788,0.41203024983406067,0.8103886246681213,0.5244939923286438,0.787425696849823,0.48398858308792114,0.7912872433662415,0.45417702198028564,0.7857909202575684,0.42758095264434814,0.7785179615020752
0.627370297908783,0.7952378392219543,0.6571536064147949,0.8106628656387329,0.6616569757461548,0.8381444811820984,0.6493764519691467,0.8520731925964355,0.6296460032463074,0.8497342467308044,0.5755808353424072,0.8457144498825073,0.5364804863929749,0.8633666634559631,0.5053577423095703,0.8516644835472107,0.4758559763431549,0.8314127326011658,0.5450559258460999,0.8252807855606079,0.4935981333255768,0.8403576612472534,0.45284461975097656,0.8349964618682861,0.4134795069694519,0.8269599676132202,0.5280495882034302,0.8069761991500854,0.48137131333351135,0.8181343674659729,0.44444751739501953,0.8166413307189941,0.4107852578163147,0.8114053606987,0.5222089290618896,0.7894526720046997,0.4821588695049286,0.7931608557701111,0.4521178901195526,0.7879443168640137,0.4246431589126587,0.7811537384986877
0.6286851167678833,0.7960717082023621,0.6577913165092468,0.8097584247589111,0.6613038778305054,0.8375595808029175,0.6488947868347168,0.8530339002609253,0.6299318075180054,0.8487155437469482,0.5738347768783569,0.8466465473175049,0.5345788598060608,0.8641321063041687,0.5036240220069885,0.8521609306335449,0.47421497106552124,0.8312094807624817,0.5437330603599548,0.826034426689148,0.49178647994995117,0.841751217842102,0.4516751766204834,0.8354553580284119,0.41300228238105774,0.8262324333190918,0.5274170637130737,0.80668044090271,0.48056238889694214,0.8196800351142883,0.44360968470573425,0.81723552942276,0.41000425815582275,0.81047523021698,0.5222183465957642,0.7880189418792725,0.4824543595314026,0.7936645746231079,0.45208004117012024,0.7893368601799011,0.42391565442085266,0.7827510833740234
0.6282703876495361,0.7925627827644348,0.6579906344413757,0.8077690601348877,0.6621840596199036,0.8347731232643127,0.6499985456466675,0.8499792814254761,0.6299684643745422,0.8489269614219666,0.5729959607124329,0.8467486500740051,0.5338935256004333,0.8656256198883057,0.5030978322029114,0.8526386022567749,0.474161297082901,0.8307249546051025,0.5428584218025208,0.8263634443283081,0.4904382824897766,0.8424167633056641,0.4505551755428314,0.8356040120124817,0.4124653935432434,0.8258355855941772,0.5262126922607422,0.8066046237945557,0.4792396128177643,0.8199651837348938,0.44287341833114624,0.8181288242340088,0.4098656177520752,0.811743438243866,0.5206700563430786,0.7867956161499023,0.4801921248435974,0.792227029800415,0.44995349645614624,0.7869584560394287,0.4220312833786011,0.7795245051383972
0.6123506426811218,0.7899390459060669,0.6456968784332275,0.803236722946167,0.6540477275848389,0.8317850232124329,0.6472327709197998,0.8450071215629578,0.6314693093299866,0.8476926684379578,0.5710171461105347,0.8455971479415894,0.5339781641960144,0.8649303913116455,0.5053289532661438,0.8510910868644714,0.4777570962905884,0.8271620273590088,0.5372462868690491,0.8251655101776123,0.484963059425354,0.8406584858894348,0.44415271282196045,0.8325750827789307,0.4055575132369995,0.8207018971443176,0.5172082185745239,0.8052461743354797,0.47063106298446655,0.8166595697402954,0.4336780905723572,0.8129135370254517,0.40062326192855835,0.8042764067649841,0.5091434121131897,0.786038875579834,0.46960335969924927,0.7887523174285889,0.4399617314338684,0.7829551100730896,0.41289034485816956,0.774326503276825
0.6067540049552917,0.7884056568145752,0.6422485113143921,0.7983286380767822,0.6541063189506531,0.8235281705856323,0.6506645083427429,0.8393179774284363,0.6312487721443176,0.8581467270851135,0.5721616744995117,0.8476594090461731,0.5344383120536804,0.8635216355323792,0.5067649483680725,0.8509162068367004,0.4792948067188263,0.8290102481842041,0.5360357761383057,0.8255272507667542,0.48120492696762085,0.8364759683609009,0.44145360589027405,0.8288418650627136,0.40233951807022095,0.81813645362854,0.5151634216308594,0.8052083849906921,0.46957308053970337,0.814592719078064,0.4341467022895813,0.8110092878341675,0.4024159610271454,0.80207359790802,0.5073859095573425,0.7867101430892944,0.4691794514656067,0.7877743244171143,0.44139283895492554,0.7801217436790466,0.415727436542511,0.7701948881149292
0.6081364154815674,0.7863699793815613,0.6440239548683167,0.7979600429534912,0.654979407787323,0.8255391120910645,0.6493332386016846,0.8421297073364258,0.6287882328033447,0.851161003112793,0.573235809803009,0.849187970161438,0.5353809595108032,0.8643085360527039,0.5074548125267029,0.8514821529388428,0.47890105843544006,0.8292346596717834,0.5366128087043762,0.8269944190979004,0.48263803124427795,0.8390130400657654,0.44295477867126465,0.8318555951118469,0.403363436460495,0.8213602304458618,0.5155629515647888,0.8063618540763855,0.4691828489303589,0.8153838515281677,0.4342641234397888,0.8112442493438721,0.4026433229446411,0.80191570520401,0.5074323415756226,0.7870932221412659,0.46788448095321655,0.7865199446678162,0.43855252861976624,0.7790741920471191,0.4115084409713745,0.7697877883911133
0.6053764820098877,0.7881169319152832,0.6422894597053528,0.7976564168930054,0.6554998755455017,0.8258697986602783,0.6518317461013794,0.8411534428596497,0.6335167288780212,0.849919855594635,0.5768948793411255,0.8520710468292236,0.5401257276535034,0.8660659790039062,0.5105583071708679,0.8556730151176453,0.4806533455848694,0.835446834564209,0.5382429957389832,0.8301927447319031,0.4832235276699066,0.8401817083358765,0.4418030381202698,0.8340873122215271,0.4009810984134674,0.8251991868019104,0.515305757522583,0.8094949126243591,0.4686439037322998,0.8168593049049377,0.4331451952457428,0.8139809966087341,0.4020572006702423,0.8066461682319641,0.5058993101119995,0.7908666133880615,0.46647918224334717,0.7897714972496033,0.43779847025871277,0.7833563089370728,0.4119970202445984,0.7754684686660767
0.6046302914619446,0.7887115478515625,0.6440141201019287,0.7972967028617859,0.6582150459289551,0.8241134881973267,0.6536085605621338,0.8398787379264832,0.6344467997550964,0.8577954173088074,0.5779284238815308,0.8488865494728088,0.5411487817764282,0.8656777739524841,0.5123745203018188,0.8584522604942322,0.48183080554008484,0.8415831923484802,0.5381090641021729,0.8292302489280701,0.4839387536048889,0.8404451608657837,0.4431310296058655,0.8354116678237915,0.40170085430145264,0.8271202445030212,0.5149417519569397,0.8104813694953918,0.4703165888786316,0.8191499710083008,0.43662160634994507,0.815028190612793,0.40667861700057983,0.8047858476638794,0.5056381821632385,0.7932524085044861,0.4674520492553711,0.7935805916786194,0.43969178199768066,0.7868053317070007,0.41452258825302124,0.7771445512771606
0.6005279421806335,0.7896443605422974,0.6403892040252686,0.7965895533561707,0.6554014682769775,0.8232017755508423,0.6527476906776428,0.8399375677108765,0.6354122161865234,0.8563975691795349,0.5788559317588806,0.8516073822975159,0.5432660579681396,0.867418646812439,0.5146492719650269,0.8591829538345337,0.4848829209804535,0.8408269286155701,0.5382510423660278,0.8322153687477112,0.4837278127670288,0.8436422348022461,0.44279909133911133,0.8388444185256958,0.40158459544181824,0.831011950969696,0.5142671465873718,0.8131532073020935,0.469253271818161,0.8207447528839111,0.4353402853012085,0.8159999251365662,0.40519988536834717,0.8062872290611267,0.5044628381729126,0.7947810888290405,0.46569719910621643,0.7935416102409363,0.4374420642852783,0.7860991358757019,0.41154131293296814,0.7766488790512085
0.595492959022522,0.7825032472610474,0.6337566375732422,0.791146993637085,0.6515954732894897,0.820452868938446,0.6522384285926819,0.8348292708396912,0.6393755674362183,0.8515069484710693,0.5744689702987671,0.8427717685699463,0.5391700863838196,0.859444797039032,0.5107548832893372,0.856955349445343,0.47882407903671265,0.846655547618866,0.5344579219818115,0.8239326477050781,0.48245769739151,0.8343300223350525,0.4425468444824219,0.8313688635826111,0.3995145559310913,0.8265836834907532,0.5122845768928528,0.8078576326370239,0.47092169523239136,0.8127874135971069,0.4386748671531677,0.8080252408981323,0.40873295068740845,0.798760175704956,0.5048049092292786,0.7948331236839294,0.4760115444660187,0.7942638397216797,0.4557437300682068,0.7877772450447083,0.43505483865737915,0.778664767742157
0.5936754941940308,0.784415066242218,0.6333358883857727,0.7906431555747986,0.6512010097503662,0.8161998987197876,0.6513268947601318,0.8297936916351318,0.6371437311172485,0.8489185571670532,0.5785972476005554,0.8435875773429871,0.5454462766647339,0.8576068878173828,0.5178738832473755,0.8530521988868713,0.4874711334705353,0.8392841815948486,0.5381710529327393,0.8249751329421997,0.48443612456321716,0.8332700133323669,0.44330501556396484,0.8284640908241272,0.39914119243621826,0.8213867545127869,0.51401686668396,0.8089560270309448,0.4726220667362213,0.8135945796966553,0.4405049979686737,0.8048169612884521,0.40963882207870483,0.7918773889541626,0.5037028789520264,0.796238362789154,0.4758807122707367,0.7965714931488037,0.45684877038002014,0.7887830138206482,0.43676283955574036,0.7780309915542603
0.5903760194778442,0.784182608127594,0.6302496194839478,0.7889002561569214,0.6487692594528198,0.8145800828933716,0.6488975286483765,0.8298215866088867,0.6377092599868774,0.8477286100387573,0.5798534750938416,0.844437301158905,0.5478217601776123,0.8572976589202881,0.5215651392936707,0.8523098826408386,0.4919663667678833,0.838502049446106,0.5384240746498108,0.8262952566146851,0.48388952016830444,0.8328694701194763,0.4441107213497162,0.8267735838890076,0.4011648893356323,0.8194432854652405,0.5137133598327637,0.810274064540863,0.4736681878566742,0.8148025870323181,0.4416572153568268,0.8054153323173523,0.41031646728515625,0.7932015061378479,0.5029655694961548,0.796597957611084,0.4759122431278229,0.7980740666389465,0.45816341042518616,0.7908226251602173,0.43945086002349854,0.7806715965270996
0.5827431678771973,0.7827026844024658,0.6222487688064575,0.7858211398124695,0.6424153447151184,0.8111921548843384,0.6443641781806946,0.8292232751846313,0.6344922780990601,0.8487141132354736,0.5732623338699341,0.8439746499061584,0.5453805327415466,0.8599769473075867,0.5216513276100159,0.8531627058982849,0.4942072927951813,0.8354723453521729,0.5330133438110352,0.8291267156600952,0.4822953939437866,0.8422622680664062,0.44491344690322876,0.8367828726768494,0.4052567481994629,0.8272415399551392,0.5080496072769165,0.8131245374679565,0.46739330887794495,0.8211269378662109,0.43499255180358887,0.8123202919960022,0.40537598729133606,0.7976670265197754,0.49538516998291016,0.7956181764602661,0.4642006754875183,0.7979654669761658,0.44203275442123413,0.7913473844528198,0.42097508907318115,0.7818294167518616
0.578652560710907,0.7837172150611877,0.6201086044311523,0.7834737300872803,0.6433200836181641,0.8105608224868774,0.6479452848434448,0.8292133212089539,0.6389621496200562,0.8508273959159851,0.5729448795318604,0.8491775393486023,0.5433728098869324,0.8629838228225708,0.5201621651649475,0.8564451932907104,0.4921395778656006,0.8410203456878662,0.531950831413269,0.833527684211731,0.4869344234466553,0.8375552296638489,0.45247188210487366,0.8244038820266724,0.41460222005844116,0.8082325458526611,0.506624162197113,0.8179271817207336,0.4689560532569885,0.8213455677032471,0.43739044666290283,0.8122551441192627,0.4071967601776123,0.7969475388526917,0.49387314915657043,0.8023650646209717,0.4663788378238678,0.8058273196220398,0.446706622838974,0.7989365458488464,0.42702534794807434,0.7887399792671204
0.5737621784210205,0.7884200811386108,0.6134194135665894,0.7849907875061035,0.6378554701805115,0.8098741769790649,0.6422520875930786,0.8297137022018433,0.6321396827697754,0.8527283668518066,0.5688633322715759,0.8498150706291199,0.5419446229934692,0.8623913526535034,0.5196632742881775,0.8547446131706238,0.49137818813323975,0.8375505805015564,0.5284716486930847,0.8379536867141724,0.4834887981414795,0.8417746424674988,0.44816750288009644,0.8311057090759277,0.4091898798942566,0.8156142830848694,0.5037179589271545,0.8252462148666382,0.4663477838039398,0.825468122959137,0.43301647901535034,0.8165245652198792,0.4023781418800354,0.7993408441543579,0.4908108115196228,0.8118687272071838,0.46442607045173645,0.813646137714386,0.4444480538368225,0.8076074123382568,0.4249286949634552,0.7983941435813904
0.569780170917511,0.7844188809394836,0.6005738973617554,0.7821312546730042,0.6200299859046936,0.8059146404266357,0.6231618523597717,0.8267459273338318,0.612897515296936,0.8478430509567261,0.5483441352844238,0.840934693813324,0.5165591239929199,0.8472124338150024,0.487779438495636,0.8387792110443115,0.4544847011566162,0.8244059681892395,0.5156155824661255,0.832111120223999,0.46503591537475586,0.839228630065918,0.4247136116027832,0.8310048580169678,0.38302120566368103,0.8191195130348206,0.49972906708717346,0.8246201872825623,0.4640328288078308,0.8312352299690247,0.43304362893104553,0.8196223378181458,0.40299755334854126,0.8027356863021851,0.4965514540672302,0.8178853392601013,0.484190970659256,0.8269076347351074,0.47551023960113525,0.8203677535057068,0.4646085500717163,0.8098089098930359
0.5648716688156128,0.7822801470756531,0.6028194427490234,0.7800246477127075,0.6233463883399963,0.8041332960128784,0.6279194951057434,0.8221114277839661,0.6200549006462097,0.8452743887901306,0.5556773543357849,0.8403431177139282,0.530697226524353,0.8567945957183838,0.5082166790962219,0.8511340022087097,0.48092925548553467,0.8346898555755615,0.5180743336677551,0.8282434940338135,0.46759164333343506,0.8392765522003174,0.4287241995334625,0.8285368084907532,0.3872814178466797,0.8136905431747437,0.49574407935142517,0.8169936537742615,0.4554003179073334,0.8238638043403625,0.4228515028953552,0.8097262978553772,0.39271149039268494,0.7902077436447144,0.48518967628479004,0.8053939342498779,0.4592174291610718,0.8122218251228333,0.4408937990665436,0.8049474358558655,0.4231237471103668,0.7948381900787354
0.5643883347511292,0.7855633497238159,0.5966575741767883,0.7809572815895081,0.6164923310279846,0.8030361533164978,0.620026707649231,0.8229981064796448,0.6109994649887085,0.8472769856452942,0.5440713167190552,0.8423153162002563,0.5029658675193787,0.8446664214134216,0.4717249572277069,0.8392693400382996,0.43667280673980713,0.8287195563316345,0.5109051465988159,0.834046483039856,0.45767563581466675,0.8295084834098816,0.4164021909236908,0.8157133460044861,0.37354058027267456,0.799335777759552,0.492983341217041,0.8268616199493408,0.4532378911972046,0.8231314420700073,0.42012909054756165,0.8088067770004272,0.3894365429878235,0.7899729013442993,0.4864545166492462,0.8206611275672913,0.464762806892395,0.8228681087493896,0.4478582739830017,0.8161306977272034,0.43086478114128113,0.8070864677429199
0.5560604333877563,0.7752478718757629,0.5908284187316895,0.7801757454872131,0.6091861724853516,0.8091943860054016,0.6092018485069275,0.8290383219718933,0.5939319729804993,0.8369517922401428,0.5395854115486145,0.8357705473899841,0.508209228515625,0.8502662181854248,0.4807555079460144,0.8455156683921814,0.4491996467113495,0.8308007717132568,0.5045099854469299,0.8213144540786743,0.44994381070137024,0.8329181671142578,0.4086306393146515,0.8285931944847107,0.36558234691619873,0.8194090127944946,0.4839881956577301,0.808631420135498,0.441960871219635,0.8178842663764954,0.4074247181415558,0.8092504739761353,0.3751102089881897,0.795737624168396,0.4759747385978699,0.7965421676635742,0.45132771134376526,0.8010284900665283,0.43216264247894287,0.7951942682266235,0.41280850768089294,0.7877663969993591
0.5531817078590393,0.7776123285293579,0.5897073745727539,0.7833082675933838,0.6090635061264038,0.8106107115745544,0.6090520620346069,0.8255011439323425,0.5958032011985779,0.8406656384468079,0.5416792631149292,0.8358482718467712,0.5111891627311707,0.8538774251937866,0.48615026473999023,0.8512927293777466,0.45692265033721924,0.8397892117500305,0.5036552548408508,0.8209644556045532,0.4494484066963196,0.8357166647911072,0.40934839844703674,0.8352128863334656,0.3669094443321228,0.8306378126144409,0.4812232553958893,0.808292031288147,0.439348042011261,0.8164293766021729,0.40551242232322693,0.8097743391990662,0.37427347898483276,0.7984263300895691,0.47098007798194885,0.7965038418769836,0.4424140155315399,0.7999981641769409,0.4222342371940613,0.7938857674598694,0.40241435170173645,0.7863729000091553
0.5569629073143005,0.7772316932678223,0.5898181200027466,0.7813586592674255,0.6075414419174194,0.8070215582847595,0.6075583696365356,0.8216211795806885,0.5947141051292419,0.8386091589927673,0.5395293831825256,0.8344597816467285,0.5075815320014954,0.8511838316917419,0.48019304871559143,0.849345326423645,0.4492741823196411,0.8390952348709106,0.5037233829498291,0.8206479549407959,0.45025208592414856,0.833731472492218,0.40997713804244995,0.8331668972969055,0.3684663772583008,0.8296726942062378,0.4838319420814514,0.8094116449356079,0.44329187273979187,0.818457305431366,0.41123026609420776,0.8135223388671875,0.3812672197818756,0.8054937720298767,0.47698310017585754,0.799511194229126,0.4513358473777771,0.8031538128852844,0.43555518984794617,0.7963355779647827,0.41987907886505127,0.7882189750671387
0.5539213418960571,0.7839996814727783,0.5898646116256714,0.7841483354568481,0.6063377857208252,0.809985339641571,0.6029154658317566,0.8294665813446045,0.5849219560623169,0.8545999526977539,0.5344338417053223,0.8403406739234924,0.5015010833740234,0.8544249534606934,0.4739595055580139,0.8497503399848938,0.4429855942726135,0.8362444043159485,0.4965069890022278,0.8257945775985718,0.4400368332862854,0.8328332901000977,0.3996277451515198,0.8303831815719604,0.3576889932155609,0.825512170791626,0.47478222846984863,0.81221604347229,0.43263792991638184,0.8145554065704346,0.39909064769744873,0.8097941279411316,0.3671739995479584,0.8025825619697571,0.46635520458221436,0.7985974550247192,0.4404185116291046,0.7972298860549927,0.423638254404068,0.7893732190132141,0.4066389799118042,0.7823941707611084
0.5577342510223389,0.7846001386642456,0.5937603116035461,0.7867578268051147,0.6082430481910706,0.8132595419883728,0.6033148169517517,0.8319545984268188,0.584313690662384,0.855673611164093,0.5362929105758667,0.840583324432373,0.4999905228614807,0.8561910390853882,0.47237080335617065,0.8523750305175781,0.4423880875110626,0.8401821851730347,0.4984295964241028,0.8236810564994812,0.4419856369495392,0.8325743079185486,0.40072232484817505,0.8315492868423462,0.3579271733760834,0.8287800550460815,0.475430428981781,0.8077409863471985,0.42919495701789856,0.8113158941268921,0.3930332064628601,0.8086165189743042,0.35943305492401123,0.8027490973472595,0.4660799503326416,0.7929697632789612,0.42959335446357727,0.7904148101806641,0.40316304564476013,0.7826390862464905,0.3784387409687042,0.7749383449554443
0.5614272952079773,0.7842613458633423,0.5974279642105103,0.7895900011062622,0.6101660132408142,0.8174370527267456,0.6035666465759277,0.8340355753898621,0.580647349357605,0.8498930335044861,0.538327693939209,0.8373166918754578,0.4996803402900696,0.8571161031723022,0.4719597101211548,0.8543384075164795,0.44240206480026245,0.8412104845046997,0.5002604722976685,0.820255696773529,0.4430772662162781,0.8310431241989136,0.40064626932144165,0.8306430578231812,0.35732245445251465,0.8266713619232178,0.47721654176712036,0.8043788075447083,0.4311756491661072,0.8104440569877625,0.3940335214138031,0.8078336715698242,0.360887348651886,0.799457848072052,0.4670742154121399,0.7907400131225586,0.4290781617164612,0.7892916798591614,0.4010307192802429,0.7814074158668518,0.3760036826133728,0.7721287608146667
0.5602309703826904,0.7848325967788696,0.5961511135101318,0.7894883155822754,0.6059619188308716,0.8135390877723694,0.5975180864334106,0.8296939730644226,0.5717669725418091,0.8462540507316589,0.5285804867744446,0.838016927242279,0.4893557131290436,0.8548629283905029,0.4589621126651764,0.848362922668457,0.42843931913375854,0.8332531452178955,0.4928740859031677,0.8214369416236877,0.43603718280792236,0.8324003219604492,0.3944025933742523,0.829800009727478,0.35350507497787476,0.8255152106285095,0.4712684750556946,0.804675817489624,0.4259353280067444,0.8147758841514587,0.39079931378364563,0.8144451379776001,0.3600403070449829,0.8080605864524841,0.462485134601593,0.7876996397972107,0.42286062240600586,0.7899655103683472,0.3929981589317322,0.7840785980224609,0.3678228259086609,0.7754100561141968
0.5628647208213806,0.780720055103302,0.5958127379417419,0.7886059880256653,0.6063356995582581,0.8151092529296875,0.5989748239517212,0.8301399350166321,0.572051465511322,0.8460007905960083,0.5280520915985107,0.8389350771903992,0.48838284611701965,0.8520451784133911,0.4577013850212097,0.8431999683380127,0.4276900887489319,0.8256375193595886,0.4929124712944031,0.8213860988616943,0.43777164816856384,0.8335703015327454,0.3943469822406769,0.8311928510665894,0.3525746464729309,0.8258543014526367,0.471690833568573,0.8036971688270569,0.42468857765197754,0.8130064606666565,0.3856033682823181,0.8129489421844482,0.35097140073776245,0.8074861764907837,0.4630068242549896,0.7873062491416931,0.42502525448799133,0.7880409955978394,0.39597180485725403,0.7816514372825623,0.3698212504386902,0.7735651135444641
0.5637093782424927,0.7838440537452698,0.5960626006126404,0.7886026501655579,0.6057674884796143,0.813484787940979,0.5973089933395386,0.8285084962844849,0.5693652629852295,0.8453386425971985,0.5260589718818665,0.8389726877212524,0.4872719347476959,0.8528784513473511,0.45659950375556946,0.8460433483123779,0.4260673522949219,0.830623209476471,0.4911767244338989,0.821518063545227,0.4350797235965729,0.8320017457008362,0.3920156955718994,0.8305754661560059,0.3500951826572418,0.8267685174942017,0.4704267680644989,0.8046334385871887,0.42335259914398193,0.8121978640556335,0.38522422313690186,0.811482310295105,0.3518506586551666,0.8050907850265503,0.46311476826667786,0.78849196434021,0.42420369386672974,0.7892273664474487,0.3942372798919678,0.7829858064651489,0.3681265413761139,0.7742130756378174
0.549504280090332,0.7865054607391357,0.5807186365127563,0.7961664199829102,0.5879982709884644,0.8199681043624878,0.5773730874061584,0.832115113735199,0.5536423325538635,0.8419334888458252,0.5083692669868469,0.8345756530761719,0.4691883325576782,0.8526526689529419,0.43640878796577454,0.8460561633110046,0.40476730465888977,0.8316929936408997,0.47438865900039673,0.8186697363853455,0.42015135288238525,0.8348774909973145,0.3776661157608032,0.8331767916679382,0.338290810585022,0.8284832239151001,0.45448726415634155,0.8030314445495605,0.4082510471343994,0.8146240711212158,0.3704224228858948,0.8139702677726746,0.3382270336151123,0.8076181411743164,0.4470219016075134,0.7869401574134827,0.4097304046154022,0.7897207140922546,0.3808088004589081,0.7843136787414551,0.35689714550971985,0.7754912376403809
0.5525842905044556,0.7795985341072083,0.5813726782798767,0.7923832535743713,0.5864270925521851,0.8191372752189636,0.5749823451042175,0.8320621848106384,0.5494764447212219,0.840391993522644,0.5018301010131836,0.8388454914093018,0.4610140323638916,0.8544846773147583,0.42871716618537903,0.8451502919197083,0.3979402482509613,0.8279213905334473,0.4716787338256836,0.8200963735580444,0.419688880443573,0.8365038633346558,0.3775644302368164,0.8330206871032715,0.33832985162734985,0.8256012201309204,0.45442837476730347,0.8009722828865051,0.4088519215583801,0.81341153383255,0.37170153856277466,0.8122926950454712,0.3388916254043579,0.8059796094894409,0.44813835620880127,0.782292366027832,0.4099983274936676,0.7856749892234802,0.3812505900859833,0.7804305553436279,0.35663866996765137,0.7721060514450073
0.5461469292640686,0.7794544100761414,0.5740230679512024,0.7916536331176758,0.5793299674987793,0.8171084523200989,0.5693070888519287,0.826988160610199,0.5452876091003418,0.8355002999305725,0.5022580623626709,0.8343179225921631,0.46347129344940186,0.8544309139251709,0.42954665422439575,0.8476095795631409,0.3973081111907959,0.832634687423706,0.47086861729621887,0.8172627091407776,0.4163224399089813,0.8341344594955444,0.3725021183490753,0.8309189081192017,0.33140215277671814,0.8248679041862488,0.4529504179954529,0.8012409210205078,0.4063446521759033,0.8131055235862732,0.36777955293655396,0.8116409778594971,0.33403047919273376,0.8051972985267639,0.44730889797210693,0.7861409187316895,0.4117843806743622,0.7906398177146912,0.384012907743454,0.7867949604988098,0.35980403423309326,0.7790095806121826
0.5482524037361145,0.7806856036186218,0.5748780369758606,0.791409432888031,0.5777359008789062,0.8176419138908386,0.5636199712753296,0.8304301500320435,0.5355474352836609,0.8360339403152466,0.4947015047073364,0.8331199288368225,0.454181432723999,0.8541882634162903,0.42017704248428345,0.8471092581748962,0.3880842626094818,0.8312134146690369,0.46544337272644043,0.8163294196128845,0.41161227226257324,0.8355900049209595,0.3688528835773468,0.8334285616874695,0.3294459581375122,0.8263363242149353,0.44970694184303284,0.8003213405609131,0.4025675654411316,0.813903272151947,0.36401015520095825,0.8134303092956543,0.32985299825668335,0.8062997460365295,0.44550520181655884,0.7842429876327515,0.4072940945625305,0.7873565554618835,0.37832799553871155,0.7814361453056335,0.353944331407547,0.7720096111297607
0.5515784621238708,0.7771376371383667,0.5766860842704773,0.7916648983955383,0.5773746967315674,0.8182153105735779,0.5607678294181824,0.8287453055381775,0.5323780179023743,0.8362021446228027,0.4925675690174103,0.8318077325820923,0.45133984088897705,0.8535037040710449,0.41706517338752747,0.8468073010444641,0.385240763425827,0.8313320875167847,0.4643643796443939,0.8157137036323547,0.4112761914730072,0.836235761642456,0.3686973452568054,0.8329082131385803,0.329639196395874,0.8246079087257385,0.4490530490875244,0.7998837828636169,0.402633398771286,0.8144798278808594,0.3634381592273712,0.8127098679542542,0.32946234941482544,0.8041282892227173,0.44466596841812134,0.7833120226860046,0.40798112750053406,0.7886053919792175,0.3791189193725586,0.7836024761199951,0.3546937108039856,0.7746803164482117
0.5493494272232056,0.7795143127441406,0.5720866322517395,0.7938069701194763,0.5729653239250183,0.8198060989379883,0.5576750040054321,0.8286044001579285,0.5296878218650818,0.8378865718841553,0.4922431707382202,0.8331263065338135,0.4533939063549042,0.8555562496185303,0.4175301492214203,0.8492207527160645,0.3843315839767456,0.8348739147186279,0.4637063443660736,0.8177043795585632,0.41149625182151794,0.8383415341377258,0.36793434619903564,0.8340181708335876,0.3284755349159241,0.8251177668571472,0.4480903148651123,0.8039980530738831,0.40382325649261475,0.8189206123352051,0.36466747522354126,0.8156766295433044,0.3307175040245056,0.8061084747314453,0.4439653754234314,0.7911064028739929,0.41120630502700806,0.8002419471740723,0.3840247392654419,0.7951288223266602,0.36006060242652893,0.784681499004364
0.556093692779541,0.786803126335144,0.5757601857185364,0.8043599724769592,0.5751437544822693,0.8299272656440735,0.5575870871543884,0.838557779788971,0.5323800444602966,0.8491285443305969,0.49037742614746094,0.84498530626297,0.44851014018058777,0.8668797016143799,0.4117777347564697,0.8630629181861877,0.378823846578598,0.8493906855583191,0.4639580249786377,0.8291425108909607,0.41132667660713196,0.8512345552444458,0.36844518780708313,0.8497124314308167,0.33160871267318726,0.8407267928123474,0.450196772813797,0.8137182593345642,0.4026128947734833,0.8307767510414124,0.3632723093032837,0.8291283249855042,0.32997041940689087,0.8196006417274475,0.4464372992515564,0.7973641157150269,0.41088050603866577,0.8023521304130554,0.38167804479599,0.7959097027778625,0.35720905661582947,0.7848789691925049
0.5627811551094055,0.7887402772903442,0.5809032917022705,0.8061105012893677,0.5770187377929688,0.8325108885765076,0.5574370622634888,0.8422915935516357,0.5301334261894226,0.8555251359939575,0.4896857738494873,0.8490723967552185,0.44738081097602844,0.8702293634414673,0.4121879041194916,0.8628644347190857,0.3805200159549713,0.8466122150421143,0.46470075845718384,0.8309211730957031,0.4125920534133911,0.8520792126655579,0.3700350522994995,0.84822678565979,0.33301642537117004,0.8389251828193665,0.4525347650051117,0.8128917217254639,0.406840056180954,0.8289412260055542,0.367439329624176,0.8269741535186768,0.33286798000335693,0.8188246488571167,0.4505370259284973,0.7942993640899658,0.4133184552192688,0.7989292740821838,0.3841630816459656,0.7928799986839294,0.3589664697647095,0.7836003303527832
0.5618293881416321,0.7885299921035767,0.5816895961761475,0.8077734708786011,0.578955888748169,0.8357183933258057,0.559889018535614,0.8462597131729126,0.5326772332191467,0.8586264252662659,0.49211934208869934,0.8482262492179871,0.4498561918735504,0.8702132105827332,0.41439762711524963,0.863144040107727,0.38261330127716064,0.8468247652053833,0.46603327989578247,0.8319786190986633,0.4135024845600128,0.8559316396713257,0.37088024616241455,0.8544161915779114,0.3338742256164551,0.8461916446685791,0.4524097144603729,0.8150133490562439,0.4054195284843445,0.8325247168540955,0.36580178141593933,0.8323034048080444,0.3319799304008484,0.8243933916091919,0.44865360856056213,0.796538233757019,0.410978227853775,0.8005754947662354,0.3813696503639221,0.794239342212677,0.3563293516635895,0.7838671207427979
0.5685591101646423,0.7897339463233948,0.5876116156578064,0.8105564713478088,0.5840550661087036,0.837835967540741,0.5617458820343018,0.8461655378341675,0.5317685604095459,0.8608356714248657,0.49531644582748413,0.8516249656677246,0.45117121934890747,0.8730791211128235,0.4145168662071228,0.8654152154922485,0.3817433714866638,0.8478116393089294,0.46910330653190613,0.835156261920929,0.41531023383140564,0.8592992424964905,0.37147125601768494,0.8575361967086792,0.3344162702560425,0.8486843705177307,0.4561828374862671,0.8179032802581787,0.40912431478500366,0.8369680047035217,0.3687536120414734,0.8352454304695129,0.3339412212371826,0.8261167407035828,0.45351701974868774,0.7987962961196899,0.4164304733276367,0.8035010695457458,0.3866754174232483,0.7975412607192993,0.3614351451396942,0.7883095741271973
0.5662618279457092,0.7937890887260437,0.5848165154457092,0.8111998438835144,0.5808382630348206,0.8356114029884338,0.560431718826294,0.8439820408821106,0.5307643413543701,0.8573630452156067,0.49055323004722595,0.8549795150756836,0.44790902733802795,0.8789347410202026,0.4133865237236023,0.8693020939826965,0.38196319341659546,0.8500321507453918,0.4654993414878845,0.837256908416748,0.41296690702438354,0.861097514629364,0.37056130170822144,0.8577774167060852,0.33399689197540283,0.8482474088668823,0.45359328389167786,0.8194606304168701,0.40746426582336426,0.8369479179382324,0.36825764179229736,0.8358365893363953,0.33401215076446533,0.8279606699943542,0.4520978629589081,0.8006702065467834,0.41512420773506165,0.8051425218582153,0.38614240288734436,0.7988471388816833,0.3608632981777191,0.7892993092536926
0.5650991797447205,0.7888128757476807,0.5831856727600098,0.8073871731758118,0.5792739987373352,0.8341999053955078,0.558596670627594,0.8409811854362488,0.5304257869720459,0.8525242805480957,0.49243319034576416,0.8545240163803101,0.4484776258468628,0.8760866522789001,0.4115164875984192,0.8691932559013367,0.37892207503318787,0.8528091311454773,0.46630942821502686,0.8372662663459778,0.4125913977622986,0.8615106344223022,0.36940810084342957,0.8582889437675476,0.33251428604125977,0.8490499258041382,0.4533355236053467,0.8183090090751648,0.4059518575668335,0.8373709321022034,0.36602404713630676,0.835130512714386,0.3316258490085602,0.8261566758155823,0.4507230818271637,0.7970993518829346,0.41430848836898804,0.8029280304908752,0.38462597131729126,0.7975384593009949,0.35907652974128723,0.7883371114730835
0.5711014270782471,0.7919307351112366,0.5868894457817078,0.8054670095443726,0.5794271230697632,0.8297996520996094,0.5576038360595703,0.8378472924232483,0.5282957553863525,0.8492273688316345,0.4929637312889099,0.8543742299079895,0.44665414094924927,0.873368501663208,0.40775153040885925,0.8643442392349243,0.3739754855632782,0.8467425107955933,0.469050794839859,0.8387345671653748,0.41367805004119873,0.8600683808326721,0.36963751912117004,0.8538312911987305,0.3319908380508423,0.8422970175743103,0.458141028881073,0.8211131691932678,0.40902769565582275,0.8389373421669006,0.3681463897228241,0.8351122736930847,0.33301225304603577,0.8243342638015747,0.45707422494888306,0.8024316430091858,0.41922253370285034,0.807587742805481,0.38937437534332275,0.8021501302719116,0.3633531928062439,0.7926427125930786
0.57243812084198,0.7831440567970276,0.5865357518196106,0.8030242323875427,0.5789519548416138,0.8320276737213135,0.5562276840209961,0.8387872576713562,0.5275823473930359,0.8483645915985107,0.49223417043685913,0.8534689545631409,0.4451500475406647,0.8745660781860352,0.4051932990550995,0.8687863349914551,0.3709862530231476,0.8533416390419006,0.46884411573410034,0.8368542194366455,0.4144078493118286,0.8598081469535828,0.3703623414039612,0.8548773527145386,0.33278900384902954,0.8443824052810669,0.4578329622745514,0.8179343342781067,0.40888118743896484,0.838195264339447,0.3685320019721985,0.8349387645721436,0.3337438404560089,0.8245909810066223,0.4564433693885803,0.796818733215332,0.41947680711746216,0.8045929074287415,0.38892731070518494,0.8009762763977051,0.3623109459877014,0.7927685379981995
